 Warehouse, Item Group,Item Code,Item Description,UOM,Opening Balance Qty.,Receipt Qty.,Issued Qty.,Rejected Qty.,Reserve,Reworkable Qty.,Scrap Qty.,Closing Balance Qty.
FINISHED GOODS - SEC,Balco Circular,AL0.75MPMEDPT-90,AL0.75MPMEDPT-90,KG,0.00,220.72,220.72,0.00,0.00,0.00,0.00,0.00
FINISHED GOODS - SEC,1.0957,CU0.56DCSBMEDPT-25,CU0.56DCSBMEDPT-25,KG,695.26,459.46,1154.73,0.00,0.00,0.00,0.00,0.00
FINISHED GOODS - SEC,1.0957,CU0.87DCFINEPT-180,CU0.87DCFINEPT-180,KG,0.00,13498.46,13333.34,0.00,0.00,0.00,0.00,165.12
FINISHED GOODS - SEC,1.0957,CU0.95DCMEDPT-180,CU0.95DCMEDPT-180,KG,0.00,12871.56,12750.48,0.00,0.00,0.00,0.00,121.08
FINISHED GOODS - SEC,1.0957,CU2.24MCMEDPT-90,CU2.24MCMEDPT-90,KG,0.00,2773.89,2773.89,0.00,0.00,0.00,0.00,0.00
FINISHED GOODS - SEC,1.0957,CU2DCMEDPT-90,CU2DCMEDPT-90,KG,814.90,8910.84,9725.74,0.00,0.00,0.00,0.00,0.00
FINISHED GOODS - SEC,Denso,CU0.35MCFINEPT-90,CU0.35MCFINEPT-90,KG,70.59,0.00,70.59,0.00,0.00,0.00,0.00,0.00
FINISHED GOODS - SEC,Denso,CU0.45DCFINEPT-90,CU0.45DCFINEPT-90,KG,245.52,0.00,245.52,0.00,0.00,0.00,0.00,0.00
FINISHED GOODS - SEC,Denso,CU0.55DCFINEPT-90,CU0.55DCFINEPT-90,KG,212.70,6095.05,6063.32,0.00,0.00,0.00,0.00,244.43
FINISHED GOODS - SEC,Denso,CU0.58DCMEDPT-90,CU0.58DCMEDPT-90,KG,395.26,8268.92,8516.56,0.00,0.00,0.00,0.00,147.63
FINISHED GOODS - SEC,Denso,CU0.65DCMEDPT-90,CU0.65DCMEDPT-90,KG,0.00,7071.06,6914.32,0.00,0.00,0.00,0.00,156.74
FINISHED GOODS - SEC,Denso,CU0.6DCFINEPT-90,CU0.6DCFINEPT-90,KG,81.56,2229.45,1253.56,0.00,0.00,0.00,0.00,1057.46
FINISHED GOODS - SEC,Denso,CU0.73DCFINEPT-90,CU0.73DCFINEPT-90,KG,27.81,0.00,0.00,0.00,0.00,0.00,0.00,27.81
FINISHED GOODS - SEC,Denso,CU0.85DCMEDPT-90,CU0.85DCMEDPT-90,KG,1204.08,18670.29,18698.40,0.00,0.00,0.00,0.00,1175.98
FINISHED GOODS - SEC,Denso,CU0.8DCMEDPT-90,CU0.8DCMEDPT-90,KG,0.00,4572.86,3838.74,0.00,0.00,0.00,0.00,734.13
FINISHED GOODS - SEC,Denso,CU0.95DCMEDPT-90,CU0.95DCMEDPT-90,KG,670.05,11383.00,9886.28,0.00,0.00,0.00,0.00,2166.78
FINISHED GOODS - SEC,Denso,CU0.9DCMEDPT-90,CU0.9DCMEDPT-90,KG,872.96,39966.97,39302.05,0.00,0.00,0.00,0.00,1537.88
FINISHED GOODS - SEC,Denso,CU1DCFINEPT90,CU1DCFINEPT90,KG,161.94,25954.64,24405.43,0.00,0.00,0.00,0.00,1711.15
FINISHED GOODS - SEC,Denso,CU1DCMEDPT-90,CU1DCMEDPT-90,KG,841.52,17625.50,17505.97,0.00,0.00,0.00,0.00,961.04
FINISHED GOODS - SEC,Denso,cu0.65dcfinept-90,CU0.65DCFINEPT-90,KG,474.74,658.59,243.71,0.00,0.00,0.00,0.00,889.62
FINISHED GOODS - SEC,Monthly WWMA,CU0.55DCFINEPT-45,CU0.55DCFINEPT-45,KG,46.99,7395.38,7278.82,0.00,0.00,0.00,0.00,163.54
FINISHED GOODS - SEC,Monthly WWMA,CU0.55MCFINEPT-45,CU0.55MCFINEPT-45,KG,278.34,18187.70,15320.67,0.00,0.00,0.00,0.00,3145.37
FINISHED GOODS - SEC,Monthly WWMA,CU0.57MCFINEPT-45,CU0.57MCFINEPT-45,KG,153.98,3337.08,2948.02,0.00,0.00,0.00,0.00,543.03
FINISHED GOODS - SEC,Monthly WWMA,CU0.65DCFINEPT-45,CU0.65DCFINEPT-45,KG,32.94,0.00,0.00,0.00,0.00,0.00,0.00,32.94
FINISHED GOODS - SEC,Monthly WWMA,CU0.65MCFINEPT-45,CU0.65MCFINEPT-45,KG,1036.66,1211.62,2143.44,0.00,0.00,0.00,0.00,104.84
FINISHED GOODS - SEC,Monthly WWMA,CU0.6DCFINEPT-45,CU0.6DCFINEPT-45,KG,38.66,7234.10,6614.80,0.00,0.00,0.00,0.00,657.98
FINISHED GOODS - SEC,PROV,CU0.53MPMEDPT-90,CU0.53MPMEDPT-90,KG,0.00,2537.84,2048.58,0.00,0.00,0.00,0.00,489.26
FINISHED GOODS - SEC,PROV,CU0.67MPMEDPT-90,CU0.67MPMEDPT-90,KG,0.00,2040.27,1958.56,0.00,0.00,0.00,0.00,81.72
FINISHED GOODS - SEC,PROV,CU0.7MPMEDPT-90,CU0.7MPMEDPT-90,KG,2000.28,26604.79,27938.74,0.00,0.00,0.00,0.00,666.32
FINISHED GOODS - SEC,PROV,CU27MPMEDPT-25,CU27MPMEDPT-25,KG,18.14,1669.34,1301.86,0.00,0.00,0.00,0.00,385.62
FINISHED GOODS - SEC,PROV,CU29MPMEDPT-25,CU29MPMEDPT-25,KG,20.20,0.00,20.20,0.00,0.00,0.00,0.00,0.00
FINISHED GOODS - SEC,PROV,CU30MPMEDPT-10,CU30MPMEDPT-10,KG,0.00,5412.24,5252.43,0.00,0.00,0.00,0.00,159.80
FINISHED GOODS - SEC,PROV,CU31MPMEDPT-10,CU31MPMEDPT-10,KG,0.00,582.81,582.81,0.00,0.00,0.00,0.00,0.00
FINISHED GOODS - SEC,PROV,CU32MPMEDPT-10,CU32MPMEDPT-10,KG,14.91,5781.27,5781.27,0.00,0.00,0.00,0.00,14.91
FINISHED GOODS - SEC,PROV,CU33MPMEDPT-10,CU33MPMEDPT-10,KG,111.74,1466.62,937.64,0.00,0.00,0.00,0.00,640.73
FINISHED GOODS - SEC,PROV,CU34MPMEDPT-10,CU34MPMEDPT-10,KG,314.76,6192.66,4658.68,0.00,0.00,0.00,0.00,1848.74
FINISHED GOODS - SEC,PROV,CU35MPMEDPT-10,CU35MPMEDPT-10,KG,0.00,5239.02,5239.02,0.00,0.00,0.00,0.00,0.00
FINISHED GOODS - SEC,PROV,CU36MPMEDPT-10,CU36MPMEDPT-10,KG,0.00,953.96,953.96,0.00,0.00,0.00,0.00,0.00
FINISHED GOODS - SEC,PROV,CU37MPMEDPT-10,CU37MPMEDPT-10,KG,24.89,50.44,0.00,0.00,0.00,0.00,0.00,75.33
FINISHED GOODS - SEC,PROV,cu30mpmedpt-25,CU30MPMEDPT-25,KG,0.00,1739.64,1739.64,0.00,0.00,0.00,0.00,0.00
FINISHED GOODS - SEC,Weekly 1.0585 PLUS 1,CU0.72MPMEDPT-45,CU0.72MPMEDPT-45,KG,11.34,12328.36,12339.70,0.00,0.00,0.00,0.00,0.00
FINISHED GOODS - SEC,Weekly 1.0585 PLUS 1,CU35SSMEDPT-10,CU35SSMEDPT-10,KG,426.66,19771.38,20198.04,0.00,0.00,0.00,0.00,0.00
FINISHED GOODS - SEC,Weekly 1.0585 PLUS 1,CU37*3SSMEDPT-10,CU37*3SSMEDPT-10,KG,111.68,475.84,520.98,0.00,0.00,0.00,0.00,66.54
FINISHED GOODS - SEC,Weekly 1.0585 PLUS 1,CU42SSFINEPT-4,CU42SSFINEPT-4,KG,0.00,764.20,749.26,0.00,0.00,0.00,0.00,14.94
FINISHED GOODS - SEC,Weekly 1.0585 PLUS 1,cu42*10ssfinept-10,CU42*10SSFINEPT-10,KG,0.00,86.42,86.42,0.00,0.00,0.00,0.00,0.00
FINISHED GOODS - SEC,Weekly WWMA,CU0.112SSFINEPT-4,CU0.112SSFINEPT-4,KG,0.00,591.32,591.32,0.00,0.00,0.00,0.00,0.00
FINISHED GOODS - SEC,Weekly WWMA,CU0.508SSMEDPT-25,CU0.508SSMEDPT-25,KG,7.31,0.00,0.00,0.00,0.00,0.00,0.00,7.31
FINISHED GOODS - SEC,Weekly WWMA,CU0.75DCMEDPT-45,CU0.75DCMEDPT-45,KG,492.08,1579.75,2071.82,0.00,0.00,0.00,0.00,0.00
FINISHED GOODS - SEC,Weekly WWMA,CU0.87MPMEDPT-90,CU0.87MPMEDPT-90,KG,0.00,3644.40,3621.70,0.00,0.00,0.00,0.00,22.70
FINISHED GOODS - SEC,Weekly WWMA,CU25MPFINEPT-25,CU25MPFINEPT-25,KG,398.08,1019.88,1417.96,0.00,0.00,0.00,0.00,0.00
FINISHED GOODS - SEC,Weekly WWMA,CU26MPFINEPT-25,CU26MPFINEPT-25,KG,0.00,6964.44,6964.44,0.00,0.00,0.00,0.00,0.00
FINISHED GOODS - SEC,Weekly WWMA,CU28DCMEDPT-25,CU28DCMEDPT-25,KG,0.00,501.46,501.46,0.00,0.00,0.00,0.00,0.00
FINISHED GOODS - SEC,Weekly WWMA,CU28MPFINEPT-25,CU28MPFINEPT-25,KG,6.71,6558.03,6558.03,0.00,0.00,0.00,0.00,6.71
FINISHED GOODS - SEC,Weekly WWMA,CU28MPMEDPT-25,CU28MPMEDPT-25,KG,369.08,929.68,877.48,0.00,0.00,0.00,0.00,421.27
FINISHED GOODS - SEC,Weekly WWMA,CU29MPFINEPT25,CU29MPFINEPT25,KG,0.00,4759.92,4759.92,0.00,0.00,0.00,0.00,0.00
FINISHED GOODS - SEC,Weekly WWMA,CU31MPFINEPT-10,CU31MPFINEPT-10,KG,22.75,2160.66,2183.40,0.00,0.00,0.00,0.00,0.00
FINISHED GOODS - SEC,Weekly WWMA,CU32MPFINEPT-10,CU32MPFINEPT-10,KG,0.00,4669.76,4669.76,0.00,0.00,0.00,0.00,0.00
FINISHED GOODS - SEC,Weekly WWMA,CU35MPFINEPT-10,CU35MPFINEPT-10,KG,295.54,4482.02,4777.56,0.00,0.00,0.00,0.00,0.00
FINISHED GOODS - SEC,Weekly WWMA,CU37MPFINEPT-10,CU37MPFINEPT-10,KG,0.00,1895.90,1895.90,0.00,0.00,0.00,0.00,0.00
FINISHED GOODS - SEC,Weekly WWMA,CU38MPFINEPT-10,CU38MPFINEPT-10,KG,0.00,4539.66,3952.90,0.00,0.00,0.00,0.00,586.75
FINISHED GOODS - SEC,Weekly WWMA PLUS 1,CU0.115SSFINEPT-4,CU0.115SSFINEPT-4,KG,0.00,1257.20,1017.05,0.00,0.00,0.00,0.00,240.14
FINISHED GOODS - SEC,Weekly WWMA PLUS 1,CU0.11SSFINEPT-4,CU0.11SSFINEPT-4,KG,948.28,1397.17,2339.43,0.00,0.00,0.00,0.00,6.02
FINISHED GOODS - SEC,Weekly WWMA PLUS 1,CU0.12SSFINEPT-4,CU0.12SSFINEPT-4,KG,392.49,8.11,400.60,0.00,0.00,0.00,0.00,0.00
FINISHED GOODS - SEC,Weekly WWMA PLUS 1,CU0.15SSFINEPT-10,CU0.15SSFINEPT-10,KG,5.96,2787.66,2325.49,0.00,0.00,0.00,0.00,468.13
FINISHED GOODS - SEC,Weekly WWMA PLUS 1,CU0.17SSFINEPT-10,CU0.17SSFINEPT-10,KG,98.36,557.61,644.12,0.00,0.00,0.00,0.00,11.85
FINISHED GOODS - SEC,Weekly WWMA PLUS 1,CU0.18SSFINEPT-10,CU0.18SSFINEPT-10,KG,0.00,1049.77,1049.77,0.00,0.00,0.00,0.00,0.00
FINISHED GOODS - SEC,Weekly WWMA PLUS 1,CU0.19SSFINEPT-10,CU0.19SSFINEPT-10,KG,1.00,51.62,52.62,0.00,0.00,0.00,0.00,0.00
FINISHED GOODS - SEC,Weekly WWMA PLUS 1,CU0.1SSFINEPT-4,CU0.1SSFINEPT-4,KG,200.61,0.00,200.61,0.00,0.00,0.00,0.00,0.00
FINISHED GOODS - SEC,Weekly WWMA PLUS 1,CU0.21SSFINEPT-10,CU0.21SSFINEPT-10,KG,0.00,682.97,682.97,0.00,0.00,0.00,0.00,0.00
FINISHED GOODS - SEC,Weekly WWMA PLUS 1,CU0.22SSMEDPT-10,CU0.22SSMEDPT-10,KG,129.41,2525.64,2651.18,0.00,0.00,0.00,0.00,3.88
FINISHED GOODS - SEC,Weekly WWMA PLUS 1,CU0.23SSFINEPT-10,CU0.23SSFINEPT-10,KG,491.16,3460.37,3927.04,0.00,0.00,0.00,0.00,24.48
FINISHED GOODS - SEC,Weekly WWMA PLUS 1,CU0.23SSMEDPT-10,CU0.23SSMEDPT-10,KG,0.00,3537.77,3462.66,0.00,0.00,0.00,0.00,75.10
FINISHED GOODS - SEC,Weekly WWMA PLUS 1,CU0.26SSFINEPT-10,CU0.26SSFINEPT-10,KG,23.62,42.22,0.00,0.00,0.00,0.00,0.00,65.84
FINISHED GOODS - SEC,Weekly WWMA PLUS 1,CU0.27MCFINEPT-10,CU0.27MCFINEPT-10,KG,0.00,744.21,744.21,0.00,0.00,0.00,0.00,0.00
FINISHED GOODS - SEC,Weekly WWMA PLUS 1,CU0.27SSFINEPT-10,CU0.27SSFINEPT-10,KG,0.00,537.44,537.44,0.00,0.00,0.00,0.00,0.00
FINISHED GOODS - SEC,Weekly WWMA PLUS 1,CU0.29MCFINEPT-25,CU0.29MCFINEPT-25,KG,0.00,1734.45,1734.45,0.00,0.00,0.00,0.00,0.00
FINISHED GOODS - SEC,Weekly WWMA PLUS 1,CU0.363SSFINEPT-25,CU0.363SSFINEPT-25,KG,0.00,593.42,593.42,0.00,0.00,0.00,0.00,0.00
FINISHED GOODS - SEC,Weekly WWMA PLUS 1,CU0.363hssfINEPT-25,CU0.363HSSFINEPT-25,KG,511.31,1359.61,1870.92,0.00,0.00,0.00,0.00,0.00
FINISHED GOODS - SEC,Weekly WWMA PLUS 1,CU1.05HCMEDM-266,CU1.05HCMEDM-266,KG,149.38,485.56,456.00,0.00,0.00,0.00,0.00,178.94
FINISHED GOODS - SEC,Weekly WWMA PLUS 1,CU1.1HCMEDM-266,CU1.1HCMEDM-266,KG,139.20,533.62,649.15,0.00,0.00,0.00,0.00,23.67
FINISHED GOODS - SEC,Weekly WWMA PLUS 1,CU16.5MPMEDM-266,CU16.5MPMEDM-266,KG,58.94,0.00,0.00,0.00,0.00,0.00,0.00,58.94
FINISHED GOODS - SEC,Weekly WWMA PLUS 1,CU16MPMEDM-266,CU16MPMEDM-266,KG,427.42,552.90,980.32,0.00,0.00,0.00,0.00,0.00
FINISHED GOODS - SEC,Weekly WWMA PLUS 1,CU17.5MPMEDM-266,CU17.5MPMEDM-266,KG,461.88,80.64,146.28,0.00,0.00,0.00,0.00,396.24
FINISHED GOODS - SEC,Weekly WWMA PLUS 1,CU17MPMEDM-266,CU17MPMEDM-266,KG,266.64,192.29,458.94,0.00,0.00,0.00,0.00,0.00
FINISHED GOODS - SEC,Weekly WWMA PLUS 1,CU18.25MPMEDM-266,CU18.25MPMEDM-266,KG,0.00,733.90,0.00,0.00,0.00,0.00,0.00,733.90
FINISHED GOODS - SEC,Weekly WWMA PLUS 1,CU18.5MPMEDM-266,CU18.5MPMEDM-266,KG,105.36,766.28,871.64,0.00,0.00,0.00,0.00,0.00
FINISHED GOODS - SEC,Weekly WWMA PLUS 1,CU18MPMEDM-266,CU18MPMEDM-266,KG,970.21,0.00,359.33,0.00,0.00,0.00,0.00,610.88
FINISHED GOODS - SEC,Weekly WWMA PLUS 1,CU19.5FCMEDM-266,CU19.5FCMEDM-266,KG,0.00,160.94,160.94,0.00,0.00,0.00,0.00,0.00
FINISHED GOODS - SEC,Weekly WWMA PLUS 1,CU19.5MPMEDPT-25,CU19.5MPMEDPT-25,KG,46.88,752.78,611.32,0.00,0.00,0.00,0.00,188.34
FINISHED GOODS - SEC,Weekly WWMA PLUS 1,CU19HCMEDM-266,CU19HCMEDM-266,KG,20.28,0.00,20.28,0.00,0.00,0.00,0.00,0.00
FINISHED GOODS - SEC,Weekly WWMA PLUS 1,CU19MPMEDM-266,CU19MPMEDM-266,KG,102.11,278.12,363.08,0.00,0.00,0.00,0.00,17.16
FINISHED GOODS - SEC,Weekly WWMA PLUS 1,CU20.5HCMEDPT-25,CU20.5HCMEDPT-25,KG,0.00,400.54,377.02,0.00,0.00,0.00,0.00,23.52
FINISHED GOODS - SEC,Weekly WWMA PLUS 1,CU20.5MPMEDPT-25,CU20.5MPMEDPT-25,KG,835.24,0.00,166.86,0.00,0.00,0.00,0.00,668.38
FINISHED GOODS - SEC,Weekly WWMA PLUS 1,CU20DCMEDM-266,CU20DCMEDM-266,KG,0.00,600.18,600.18,0.00,0.00,0.00,0.00,0.00
FINISHED GOODS - SEC,Weekly WWMA PLUS 1,CU20HCMEDM-266,CU20HCMEDM-266,KG,71.28,316.26,299.52,0.00,0.00,0.00,0.00,88.02
FINISHED GOODS - SEC,Weekly WWMA PLUS 1,CU20HCMEDPT-25,CU20HCMEDPT-25,KG,0.00,264.76,264.76,0.00,0.00,0.00,0.00,0.00
FINISHED GOODS - SEC,Weekly WWMA PLUS 1,CU20MPMEDPT-25,CU20MPMEDPT-25,KG,102.99,48.52,151.51,0.00,0.00,0.00,0.00,0.00
FINISHED GOODS - SEC,Weekly WWMA PLUS 1,CU21.5MPMEDPT-25,CU21.5MPMEDPT-25,KG,109.08,38.25,54.68,0.00,0.00,0.00,0.00,92.65
FINISHED GOODS - SEC,Weekly WWMA PLUS 1,CU21HCMEDPT-25,CU21HCMEDPT-25,KG,0.00,292.57,292.57,0.00,0.00,0.00,0.00,0.00
FINISHED GOODS - SEC,Weekly WWMA PLUS 1,CU21MPMEDPT-25,CU21MPMEDPT-25,KG,33.92,20.48,54.40,0.00,0.00,0.00,0.00,0.00
FINISHED GOODS - SEC,Weekly WWMA PLUS 1,CU22.25MPMEDM-266,CU22.25MPMEDM-266,KG,0.00,558.02,558.02,0.00,0.00,0.00,0.00,0.00
FINISHED GOODS - SEC,Weekly WWMA PLUS 1,CU22.5HCMEDPT-25,CU22.5HCMEDPT-25,KG,103.82,495.19,575.15,0.00,0.00,0.00,0.00,23.86
FINISHED GOODS - SEC,Weekly WWMA PLUS 1,CU22.5MPMEDM-266,CU22.5MPMEDM-266,KG,0.00,123.10,117.80,0.00,0.00,0.00,0.00,5.30
FINISHED GOODS - SEC,Weekly WWMA PLUS 1,CU22.5MPMEDPT-25,CU22.5MPMEDPT-25,KG,19.51,117.80,137.31,0.00,0.00,0.00,0.00,0.00
FINISHED GOODS - SEC,Weekly WWMA PLUS 1,CU22HCMEDPT-25,CU22HCMEDPT-25,KG,0.00,888.92,888.92,0.00,0.00,0.00,0.00,0.00
FINISHED GOODS - SEC,Weekly WWMA PLUS 1,CU22MPMEDM-266,CU22MPMEDM-266,KG,67.54,1134.77,905.43,0.00,0.00,0.00,0.00,296.88
FINISHED GOODS - SEC,Weekly WWMA PLUS 1,CU23.5DCMEDPT-25,CU23.5DCMEDPT-25,KG,1042.04,98.55,1140.58,0.00,0.00,0.00,0.00,0.00
FINISHED GOODS - SEC,Weekly WWMA PLUS 1,CU23MPMEDPT-25,CU23MPMEDPT-25,KG,335.68,1119.50,1433.95,0.00,0.00,0.00,0.00,21.23
FINISHED GOODS - SEC,Weekly WWMA PLUS 1,CU24DCMEDPT-25,CU24DCMEDPT-25,KG,0.00,20.89,20.89,0.00,0.00,0.00,0.00,0.00
FINISHED GOODS - SEC,Weekly WWMA PLUS 1,CU24HCMEDPT-25,CU24HCMEDPT-25,KG,0.00,97.12,97.12,0.00,0.00,0.00,0.00,0.00
FINISHED GOODS - SEC,Weekly WWMA PLUS 1,CU24MPMEDPT-25,CU24MPMEDPT-25,KG,121.16,2003.40,1853.16,0.00,0.00,0.00,0.00,271.39
FINISHED GOODS - SEC,Weekly WWMA PLUS 1,CU25DCMEDPT-25,CU25DCMEDPT-25,KG,163.28,518.46,313.43,0.00,0.00,0.00,0.00,368.30
FINISHED GOODS - SEC,Weekly WWMA PLUS 1,CU25HCMEDPT-25,CU25HCMEDPT-25,KG,0.00,106.36,106.36,0.00,0.00,0.00,0.00,0.00
FINISHED GOODS - SEC,Weekly WWMA PLUS 1,CU25MPMEDPT-25,CU25MPMEDPT-25,KG,296.36,2447.61,2485.94,0.00,0.00,0.00,0.00,258.02
FINISHED GOODS - SEC,Weekly WWMA PLUS 1,CU25SSFINEPT-25,CU25SSFINEPT-25,KG,0.00,523.30,523.30,0.00,0.00,0.00,0.00,0.00
FINISHED GOODS - SEC,Weekly WWMA PLUS 1,CU26FCMEDPT-25,CU26FCMEDPT-25,KG,7.20,0.00,0.00,0.00,0.00,0.00,0.00,7.20
FINISHED GOODS - SEC,Weekly WWMA PLUS 1,CU26HCMEDPT-25,CU26HCMEDPT-25,KG,0.00,226.39,226.39,0.00,0.00,0.00,0.00,0.00
FINISHED GOODS - SEC,Weekly WWMA PLUS 1,CU26MPMEDPT-25,CU26MPMEDPT-25,KG,0.00,2051.12,1734.58,0.00,0.00,0.00,0.00,316.53
FINISHED GOODS - SEC,Weekly WWMA PLUS 1,CU27DCMEDPT-25,CU27DCMEDPT-25,KG,0.00,918.57,766.82,0.00,0.00,0.00,0.00,151.76
FINISHED GOODS - SEC,Weekly WWMA PLUS 1,CU27FCMEDPT-25,CU27FCMEDPT-25,KG,58.05,0.00,0.00,0.00,0.00,0.00,0.00,58.05
FINISHED GOODS - SEC,Weekly WWMA PLUS 1,CU27MPFINEPT-25,CU27MPFINEPT-25,KG,0.00,56.70,12.83,0.00,0.00,0.00,0.00,43.88
FINISHED GOODS - SEC,Weekly WWMA PLUS 1,CU27SSFINEPT-25,CU27SSFINEPT-25,KG,0.00,636.84,636.84,0.00,0.00,0.00,0.00,0.00
FINISHED GOODS - SEC,Weekly WWMA PLUS 1,CU28HCMEDPT-25,CU28HCMEDPT-25,KG,0.00,109.17,109.17,0.00,0.00,0.00,0.00,0.00
FINISHED GOODS - SEC,Weekly WWMA PLUS 1,CU29DCMEDPT-25,CU29DCMEDPT-25,KG,0.00,1994.82,1810.62,0.00,0.00,0.00,0.00,184.20
FINISHED GOODS - SEC,Weekly WWMA PLUS 1,CU29SSMEDPT-10,CU29SSMEDPT-10,KG,3.84,3.84,3.84,0.00,0.00,0.00,0.00,3.84
FINISHED GOODS - SEC,Weekly WWMA PLUS 1,CU30SSMEDPT-10,CU30SSMEDPT-10,KG,19.15,10075.07,9360.69,0.00,0.00,0.00,0.00,733.53
FINISHED GOODS - SEC,Weekly WWMA PLUS 1,CU31SSMEDPT-10,CU31SSMEDPT-10,KG,12.04,0.00,12.04,0.00,0.00,0.00,0.00,0.00
FINISHED GOODS - SEC,Weekly WWMA PLUS 1,CU32*2SSMEDPT-10,CU32*2SSMEDPT-10,KG,5.70,0.00,0.00,0.00,0.00,0.00,0.00,5.70
FINISHED GOODS - SEC,Weekly WWMA PLUS 1,CU32DCMEDPT-25,CU32DCMEDPT-25,KG,0.00,73.22,36.04,0.00,0.00,0.00,0.00,37.17
FINISHED GOODS - SEC,Weekly WWMA PLUS 1,CU32SSFINEPT-10,CU32SSFINEPT-10,KG,11.73,704.21,715.94,0.00,0.00,0.00,0.00,0.00
FINISHED GOODS - SEC,Weekly WWMA PLUS 1,CU32SSMEDPT-10,CU32SSMEDPT-10,KG,0.00,7730.84,7120.61,0.00,0.00,0.00,0.00,610.24
FINISHED GOODS - SEC,Weekly WWMA PLUS 1,CU33DCMEDPT-10,CU33DCMEDPT-10,KG,24.38,0.00,0.00,0.00,0.00,0.00,0.00,24.38
FINISHED GOODS - SEC,Weekly WWMA PLUS 1,CU33FCMEDPT-10,CU33FCMEDPT-10,KG,0.00,702.44,392.90,0.00,0.00,0.00,0.00,309.54
FINISHED GOODS - SEC,Weekly WWMA PLUS 1,CU33SSMEDPT-10,CU33SSMEDPT-10,KG,80.50,6064.06,6122.48,0.00,0.00,0.00,0.00,22.07
FINISHED GOODS - SEC,Weekly WWMA PLUS 1,CU34FCMEDPT-10,CU34FCMEDPT-10,KG,0.00,1423.06,1423.06,0.00,0.00,0.00,0.00,0.00
FINISHED GOODS - SEC,Weekly WWMA PLUS 1,CU34SSMEDPT-10,CU34SSMEDPT-10,KG,418.14,15909.47,13724.12,0.00,0.00,0.00,0.00,2603.48
FINISHED GOODS - SEC,Weekly WWMA PLUS 1,CU35*2SSMEDPT-10,CU35*2SSMEDPT-10,KG,27.48,157.64,185.12,0.00,0.00,0.00,0.00,0.00
FINISHED GOODS - SEC,Weekly WWMA PLUS 1,CU36FCMEDPT-10,CU36FCMEDPT-10,KG,0.00,1964.54,1964.54,0.00,0.00,0.00,0.00,0.00
FINISHED GOODS - SEC,Weekly WWMA PLUS 1,CU36SSMEDPT-10,CU36SSMEDPT-10,KG,37.22,2282.45,2216.69,0.00,0.00,0.00,0.00,102.98
FINISHED GOODS - SEC,Weekly WWMA PLUS 1,CU37*4SSMEDPT-10,CU37*4SSMEDPT-10,KG,17.13,0.00,0.00,0.00,0.00,0.00,0.00,17.13
FINISHED GOODS - SEC,Weekly WWMA PLUS 1,CU37FCMEDPT-10,CU37FCMEDPT-10,KG,24.29,1442.41,1466.70,0.00,0.00,0.00,0.00,0.00
FINISHED GOODS - SEC,Weekly WWMA PLUS 1,CU37SSMEDPT-10,CU37SSMEDPT-10,KG,147.17,13008.78,11520.53,0.00,0.00,0.00,0.00,1635.42
FINISHED GOODS - SEC,Weekly WWMA PLUS 1,CU38*3SSMEDPT-10,CU38*3SSMEDPT-10,KG,338.23,98.51,436.74,0.00,0.00,0.00,0.00,0.00
FINISHED GOODS - SEC,Weekly WWMA PLUS 1,CU38*4SSMEDPT-10,CU38*4SSMEDPT-10,KG,140.84,3218.92,3359.77,0.00,0.00,0.00,0.00,0.00
FINISHED GOODS - SEC,Weekly WWMA PLUS 1,CU38FCMEDPT-10,CU38FCMEDPT-10,KG,0.00,1468.72,1464.74,0.00,0.00,0.00,0.00,3.98
FINISHED GOODS - SEC,Weekly WWMA PLUS 1,CU38HCFINEPT-4,CU38HCFINEPT-4,KG,0.00,1229.06,1229.06,0.00,0.00,0.00,0.00,0.00
FINISHED GOODS - SEC,Weekly WWMA PLUS 1,CU38SSFINEPT-10,CU38SSFINEPT-10,KG,0.00,1505.46,1422.30,0.00,0.00,0.00,0.00,83.16
FINISHED GOODS - SEC,Weekly WWMA PLUS 1,CU38SSMEDPT-10,CU38SSMEDPT-10,KG,0.00,4946.86,4723.69,0.00,0.00,0.00,0.00,223.16
FINISHED GOODS - SEC,Weekly WWMA PLUS 1,CU38SSMEDPT-4,CU38SSMEDPT-4,KG,27.56,4.30,4.30,0.00,0.00,0.00,0.00,27.56
FINISHED GOODS - SEC,Weekly WWMA PLUS 1,CU39HCMEDPT-4,CU39HCMEDPT-4,KG,0.00,716.28,716.28,0.00,0.00,0.00,0.00,0.00
FINISHED GOODS - SEC,Weekly WWMA PLUS 1,CU39SSMEDPT-4,CU39SSMEDPT-4,KG,0.00,144.00,103.03,0.00,0.00,0.00,0.00,40.98
FINISHED GOODS - SEC,Weekly WWMA PLUS 1,CU40SSFINEPT-4,CU40SSFINEPT-4,KG,0.00,1015.22,1015.22,0.00,0.00,0.00,0.00,0.00
FINISHED GOODS - SEC,Weekly WWMA PLUS 1,CU40SSMEDPT-4,CU40SSMEDPT-4,KG,397.96,6451.34,5240.97,0.00,0.00,0.00,0.00,1608.33
FINISHED GOODS - SEC,Weekly WWMA PLUS 1,CU41SSFINEPT-4,CU41SSFINEPT-4,KG,0.00,2242.38,2242.38,0.00,0.00,0.00,0.00,0.00
FINISHED GOODS - SEC,Weekly WWMA PLUS 1,CU41SSMEDPT-4,CU41SSMEDPT-4,KG,71.96,10.21,10.21,0.00,0.00,0.00,0.00,71.96
FINISHED GOODS - SEC,Weekly WWMA PLUS 1,CU42.5SSFINEPT-4,CU42.5SSFINEPT-4,KG,0.00,400.26,384.64,0.00,0.00,0.00,0.00,15.62
FINISHED GOODS - SEC,Weekly WWMA PLUS 1,CU42SSMEDPT-4,CU42SSMEDPT-4,KG,0.00,10.14,10.14,0.00,0.00,0.00,0.00,0.00
FINISHED GOODS - SEC,Weekly WWMA PLUS 1,CU44SSFINEPT-4,CU44SSFINEPT-4,KG,0.00,442.62,442.62,0.00,0.00,0.00,0.00,0.00
FINISHED GOODS - SEC,Weekly WWMA PLUS 1,CU45SSFINEPT-4,CU45SSFINEPT-4,KG,37.00,0.00,0.00,0.00,0.00,0.00,0.00,37.00
FINISHED GOODS - SEC,Weekly WWMA PLUS 1,"cu20.5MPmed Pt-10""","CU20.5MPMED PT-10""",KG,0.00,321.62,59.76,0.00,0.00,0.00,0.00,261.87
FINISHED GOODS - SEC,Weekly WWMA PLUS 1,"cu20mpmedpt-10""","CU20MPMEDPT-10""",KG,0.00,98.77,71.44,0.00,0.00,0.00,0.00,27.32
FINISHED GOODS - SEC,Weekly WWMA PLUS 1,cu38HCFINEPT-10,CU38HCFINEPT-10,KG,43.28,182.69,58.62,0.00,0.00,0.00,0.00,167.36
FINISHED GOODS - SEC,CU (FG),COPPER SCRAP,COPPER SCRAP,KG,0.00,304.00,304.00,0.00,0.00,0.00,0.00,0.00
FINISHED GOODS - SEC,CU (FG),CU0.07SSFINEPT-4,CU0.07SSFINEPT-4,KG,12.42,696.10,447.34,0.00,0.00,0.00,0.00,261.19
FINISHED GOODS - SEC,CU (FG),CU0.09SSFINEPT-4,CU0.09SSFINEPT-4,KG,0.00,37.28,25.84,0.00,0.00,0.00,0.00,11.43
FINISHED GOODS - SEC,CU (FG),CU0.1*4SSFINEPT-10,CU0.1*4SSFINEPT-10,KG,6.80,3439.10,3292.62,0.00,0.00,0.00,0.00,153.28
FINISHED GOODS - SEC,CU (FG),CU0.102SSFINEPT-4,CU0.102SSFINEPT-4,KG,0.00,368.78,281.21,0.00,0.00,0.00,0.00,87.57
FINISHED GOODS - SEC,CU (FG),CU0.102SSHFINEPT-4,CU0.102SSHFINEPT-4,KG,283.09,899.66,1182.74,0.00,0.00,0.00,0.00,0.00
FINISHED GOODS - SEC,CU (FG),CU0.112SSHFINEPT-4,CU0.112SSHFINEPT-4,KG,0.00,500.69,500.69,0.00,0.00,0.00,0.00,0.00
FINISHED GOODS - SEC,CU (FG),CU0.125SSHFINEPT-4,CU0.125SSHFINEPT-4,KG,0.00,5080.83,5080.83,0.00,0.00,0.00,0.00,0.00
FINISHED GOODS - SEC,CU (FG),CU0.132SSFINEPT-4,CU0.132SSFINEPT-4,KG,0.00,174.02,174.02,0.00,0.00,0.00,0.00,0.00
FINISHED GOODS - SEC,CU (FG),CU0.132SSHFINEPT-4,CU0.132SSHFINEPT-4,KG,0.00,1205.77,1205.77,0.00,0.00,0.00,0.00,0.00
FINISHED GOODS - SEC,CU (FG),CU0.140*4 SSFINEPT10,CU0.140*4 SSFINEPT10,KG,279.30,3071.14,3350.44,0.00,0.00,0.00,0.00,0.00
FINISHED GOODS - SEC,CU (FG),CU0.14SSHFINEPT-10,CU0.14SSHFINEPT-10,KG,0.00,2379.28,2245.63,0.00,0.00,0.00,0.00,133.66
FINISHED GOODS - SEC,CU (FG),CU0.14SSMEDPT-10,CU0.14SSMEDPT-10,KG,482.98,56.15,0.00,0.00,0.00,0.00,0.00,539.13
FINISHED GOODS - SEC,CU (FG),CU0.15*3SSFINEPT-10,CU0.15*3SSFINEPT-10,KG,33.42,2268.62,2302.04,0.00,0.00,0.00,0.00,0.00
FINISHED GOODS - SEC,CU (FG),CU0.15*4HSSFINEPT-10,CU0.15*4HSSFINEPT-10,KG,0.00,291.48,272.20,0.00,0.00,0.00,0.00,19.28
FINISHED GOODS - SEC,CU (FG),CU0.152SSHFINEPT-10,CU0.152SSHFINEPT-10,KG,0.00,2255.33,2255.33,0.00,0.00,0.00,0.00,0.00
FINISHED GOODS - SEC,CU (FG),CU0.15SSMEDPT-10,CU0.15SSMEDPT-10,KG,98.17,0.00,0.00,0.00,0.00,0.00,0.00,98.17
FINISHED GOODS - SEC,CU (FG),CU0.16SSHFINEPT-10,CU0.16SSHFINEPT-10,KG,0.00,610.00,600.98,0.00,0.00,0.00,0.00,9.02
FINISHED GOODS - SEC,CU (FG),CU0.173SSHFINEPT-10,CU0.173SSHFINEPT-10,KG,8.40,1067.37,1075.77,0.00,0.00,0.00,0.00,0.00
FINISHED GOODS - SEC,CU (FG),CU0.17SSMEDPT-10,CU0.17SSMEDPT-10,KG,0.00,1025.36,1020.90,0.00,0.00,0.00,0.00,4.46
FINISHED GOODS - SEC,CU (FG),CU0.18SSMEDPT-10,CU0.18SSMEDPT-10,KG,0.00,904.08,904.08,0.00,0.00,0.00,0.00,0.00
FINISHED GOODS - SEC,CU (FG),CU0.193SSFINEPT-10,CU0.193SSFINEPT-10,KG,32.46,811.52,641.77,0.00,0.00,0.00,0.00,202.21
FINISHED GOODS - SEC,CU (FG),CU0.193SSHFINEPT-10,CU0.193SSHFINEPT-10,KG,96.84,298.80,392.16,0.00,0.00,0.00,0.00,3.48
FINISHED GOODS - SEC,CU (FG),CU0.213SSHFINEPT-10,CU0.213SSHFINEPT-10,KG,0.00,1572.57,1570.21,0.00,0.00,0.00,0.00,2.36
FINISHED GOODS - SEC,CU (FG),CU0.224SSHFINEPT-10,CU0.224SSHFINEPT-10,KG,0.00,705.66,705.66,0.00,0.00,0.00,0.00,0.00
FINISHED GOODS - SEC,CU (FG),CU0.22SSFINEPT-10,CU0.22SSFINEPT-10,KG,400.27,13305.78,13053.16,0.00,0.00,0.00,0.00,652.88
FINISHED GOODS - SEC,CU (FG),CU0.234SSHFINEPT-10,CU0.234SSHFINEPT-10,KG,0.00,1095.78,1095.78,0.00,0.00,0.00,0.00,0.00
FINISHED GOODS - SEC,CU (FG),CU0.254SSHFINEPT-10,CU0.254SSHFINEPT-10,KG,0.00,2287.54,2287.54,0.00,0.00,0.00,0.00,0.00
FINISHED GOODS - SEC,CU (FG),CU0.25SSFINEPT-10,CU0.25SSFINEPT-10,KG,10.88,397.76,397.76,0.00,0.00,0.00,0.00,10.88
FINISHED GOODS - SEC,CU (FG),CU0.295SSHFINEPT-10,CU0.295SSHFINEPT-10,KG,0.00,1113.18,1113.18,0.00,0.00,0.00,0.00,0.00
FINISHED GOODS - SEC,CU (FG),CU0.2SSFINEPT-10,CU0.2SSFINEPT-10,KG,60.10,4040.02,3870.54,0.00,0.00,0.00,0.00,229.57
FINISHED GOODS - SEC,CU (FG),CU0.2SSMEDPT-10,CU0.2SSMEDPT-10,KG,30.58,0.00,30.58,0.00,0.00,0.00,0.00,0.00
FINISHED GOODS - SEC,CU (FG),CU0.315SSHFINEPT-10,CU0.315SSHFINEPT-10,KG,7.58,0.00,0.00,0.00,0.00,0.00,0.00,7.58
FINISHED GOODS - SEC,CU (FG),CU0.35DCMEDPT-25,CU0.35DCMEDPT-25,KG,205.72,0.00,0.00,0.00,0.00,0.00,0.00,205.72
FINISHED GOODS - SEC,CU (FG),CU0.35SSHMEDPT-10,CU0.35SSHMEDPT-10,KG,18.42,0.00,0.00,0.00,0.00,0.00,0.00,18.42
FINISHED GOODS - SEC,CU (FG),CU0.3FCMEDPT-25,CU0.3FCMEDPT-25,KG,18.82,1153.81,18.82,0.00,0.00,0.00,0.00,1153.81
FINISHED GOODS - SEC,CU (FG),CU0.3MPMEDPT-25,CU0.3MPMEDPT-25,KG,0.00,795.12,795.12,0.00,0.00,0.00,0.00,0.00
FINISHED GOODS - SEC,CU (FG),CU0.417SSHFINEPT-10,CU0.417SSHFINEPT-10,KG,16.92,0.00,0.00,0.00,0.00,0.00,0.00,16.92
FINISHED GOODS - SEC,CU (FG),CU0.425DCMEDPT-25,CU0.425DCMEDPT-25,KG,0.00,264.62,264.62,0.00,0.00,0.00,0.00,0.00
FINISHED GOODS - SEC,CU (FG),CU0.45DCMEDPT-90,CU0.45DCMEDPT-90,KG,54.60,4621.58,4592.83,0.00,0.00,0.00,0.00,83.34
FINISHED GOODS - SEC,CU (FG),CU0.47SBMEDPT-25,CU0.47SBMEDPT-25,KG,185.90,463.84,649.74,0.00,0.00,0.00,0.00,0.00
FINISHED GOODS - SEC,CU (FG),CU0.4DCMEDPT-90,CU0.4DCMEDPT-90,KG,0.00,4023.86,4023.86,0.00,0.00,0.00,0.00,0.00
FINISHED GOODS - SEC,CU (FG),CU0.53DCFINEPT-25,CU0.53DCFINEPT-25,KG,255.84,16701.50,16927.88,0.00,0.00,0.00,0.00,29.46
FINISHED GOODS - SEC,CU (FG),CU0.53DCMEDPT-25,CU0.53DCMEDPT-25,KG,0.00,3262.82,3262.82,0.00,0.00,0.00,0.00,0.00
FINISHED GOODS - SEC,CU (FG),CU0.559DCMEDPT-25,CU0.559DCMEDPT-25,KG,0.00,852.51,349.82,0.00,0.00,0.00,0.00,502.69
FINISHED GOODS - SEC,CU (FG),CU0.55DCFinePT-25,CU0.55DCFinePT-25,KG,524.02,1930.80,1865.00,0.00,0.00,0.00,0.00,589.82
FINISHED GOODS - SEC,CU (FG),CU0.55DCMEDPT-90,CU0.55DCMEDPT-90,KG,0.00,33624.86,33624.86,0.00,0.00,0.00,0.00,0.00
FINISHED GOODS - SEC,CU (FG),CU0.55SBMEDPT-25,CU0.55SBMEDPT-25,KG,0.00,19.98,19.98,0.00,0.00,0.00,0.00,0.00
FINISHED GOODS - SEC,CU (FG),CU0.5DCMEDPT-45,CU0.5DCMEDPT-45,KG,680.10,2252.06,2932.16,0.00,0.00,0.00,0.00,0.00
FINISHED GOODS - SEC,CU (FG),CU0.5DCMEDPT-90,CU0.5DCMEDPT-90,KG,0.00,3878.58,3878.58,0.00,0.00,0.00,0.00,0.00
FINISHED GOODS - SEC,CU (FG),CU0.63DCFINEPT-25,CU0.63DCFINEPT-25,KG,237.02,0.00,237.02,0.00,0.00,0.00,0.00,0.00
FINISHED GOODS - SEC,CU (FG),CU0.63DCMEDPT-25,CU0.63DCMEDPT-25,KG,68.78,0.00,0.00,0.00,0.00,0.00,0.00,68.78
FINISHED GOODS - SEC,CU (FG),CU0.69MPFINEPT-90,CU0.69MPFINEPT-90,KG,554.38,478.00,950.38,0.00,0.00,0.00,0.00,82.00
FINISHED GOODS - SEC,CU (FG),CU0.6DCFINEPT-25,CU0.6DCFINEPT-25,KG,127.08,1042.30,1169.37,0.00,0.00,0.00,0.00,0.00
FINISHED GOODS - SEC,CU (FG),CU0.6DCMEDPT-90,CU0.6DCMEDPT-90,KG,82.02,566.82,82.02,0.00,0.00,0.00,0.00,566.82
FINISHED GOODS - SEC,CU (FG),CU0.6MPFINEPT-90,CU0.6MPFINEPT-90,KG,544.38,5406.22,5629.18,0.00,0.00,0.00,0.00,321.42
FINISHED GOODS - SEC,CU (FG),CU0.71SSMEDPT-25,CU0.71SSMEDPT-25,KG,52.24,3820.75,3762.48,0.00,0.00,0.00,0.00,110.52
FINISHED GOODS - SEC,CU (FG),CU0.75DCMEDM-266,CU0.75DCMEDM-266,KG,22.30,0.00,22.30,0.00,0.00,0.00,0.00,0.00
FINISHED GOODS - SEC,CU (FG),CU0.75DCMEDPT-90,CU0.75DCMEDPT-90,KG,0.00,1220.32,1055.62,0.00,0.00,0.00,0.00,164.70
FINISHED GOODS - SEC,CU (FG),CU0.75MPFINEPT-90,CU0.75MPFINEPT-90,KG,630.44,0.00,156.14,0.00,0.00,0.00,0.00,474.30
FINISHED GOODS - SEC,CU (FG),CU0.78DCFINEPT-90,CU0.78DCFINEPT-90,KG,0.00,2934.71,2934.64,0.00,0.00,0.00,0.00,0.08
FINISHED GOODS - SEC,CU (FG),CU0.7DCFINEPT-90,CU0.7DCFINEPT-90,KG,146.62,0.00,146.62,0.00,0.00,0.00,0.00,0.00
FINISHED GOODS - SEC,CU (FG),CU0.7DCMEDPT-45,CU0.7DCMEDPT-45,KG,123.83,1320.94,1168.28,0.00,0.00,0.00,0.00,276.48
FINISHED GOODS - SEC,CU (FG),CU0.7DCMEDPT-90,CU0.7DCMEDPT-90,KG,158.64,10131.86,10290.50,0.00,0.00,0.00,0.00,0.00
FINISHED GOODS - SEC,CU (FG),CU0.7SSFINEPT-25,CU0.7SSFINEPT-25,KG,0.00,39.14,22.78,0.00,0.00,0.00,0.00,16.36
FINISHED GOODS - SEC,CU (FG),CU0.83DCFINEPT-90,CU0.83DCFINEPT-90,KG,127.48,35499.32,33392.50,0.00,0.00,0.00,0.00,2234.30
FINISHED GOODS - SEC,CU (FG),CU0.85MCMEDPT-90,CU0.85MCMEDPT-90,KG,172.54,0.00,0.00,0.00,0.00,0.00,0.00,172.54
FINISHED GOODS - SEC,CU (FG),CU0.85MPFINEPT-90,CU0.85MPFINEPT-90,KG,373.32,0.00,0.00,0.00,0.00,0.00,0.00,373.32
FINISHED GOODS - SEC,CU (FG),CU0.8DCFINEPT-90,CU0.8DCFINEPT-90,KG,156.02,15006.46,15162.47,0.00,0.00,0.00,0.00,0.00
FINISHED GOODS - SEC,CU (FG),CU0.8DCMEDPT-45,CU0.8DCMEDPT-45,KG,0.00,2217.90,1776.62,0.00,0.00,0.00,0.00,441.27
FINISHED GOODS - SEC,CU (FG),CU0.8MPMEDPT-90,CU0.8MPMEDPT-90,KG,267.37,0.00,267.37,0.00,0.00,0.00,0.00,0.00
FINISHED GOODS - SEC,CU (FG),CU0.9DCFINEPT-90,CU0.9DCFINEPT-90,KG,236.16,0.00,0.00,0.00,0.00,0.00,0.00,236.16
FINISHED GOODS - SEC,CU (FG),CU0.9DCMEDPT-45,CU0.9DCMEDPT-45,KG,741.28,4053.60,4794.89,0.00,0.00,0.00,0.00,0.00
FINISHED GOODS - SEC,CU (FG),CU0.9MPFINEPT-90,CU0.9MPFINEPT-90,KG,0.00,9936.95,9936.95,0.00,0.00,0.00,0.00,0.00
FINISHED GOODS - SEC,CU (FG),CU1.00 BARE WIRE(JW),CU1.00 BARE WIRE (JW),KG,0.00,2961.00,2961.00,0.00,0.00,0.00,0.00,0.00
FINISHED GOODS - SEC,CU (FG),CU1.05DCMEDPT-90,CU1.05DCMEDPT-90,KG,254.93,12475.42,12476.08,0.00,0.00,0.00,0.00,254.28
FINISHED GOODS - SEC,CU (FG),CU1.05MCMEDPT-90,CU1.05MCMEDPT-90,KG,423.84,832.65,1090.84,0.00,0.00,0.00,0.00,165.65
FINISHED GOODS - SEC,CU (FG),CU1.06DCMEDM-266,CU1.06DCMEDM-266,KG,173.34,0.00,0.00,0.00,0.00,0.00,0.00,173.34
FINISHED GOODS - SEC,CU (FG),CU1.15DCFINEPT-180,CU1.15DCFINEPT-180,KG,886.66,3944.30,4830.86,0.00,0.00,0.00,0.00,0.10
FINISHED GOODS - SEC,CU (FG),CU1.22MCFINEPT-90,CU1.22MCFINEPT-90,KG,1103.66,5007.79,6030.06,0.00,0.00,0.00,0.00,81.40
FINISHED GOODS - SEC,CU (FG),CU1.2DCMEDPT-45,CU1.2DCMEDPT-45,KG,0.00,1831.04,1831.04,0.00,0.00,0.00,0.00,0.00
FINISHED GOODS - SEC,CU (FG),CU1.3MCFINEPT-180,CU1.3MCFINEPT-180,KG,493.16,4763.90,4910.42,0.00,0.00,0.00,0.00,346.64
FINISHED GOODS - SEC,CU (FG),CU1.8DCFINEM-266,CU1.8DCFINEM-266,KG,22.08,0.00,0.00,0.00,0.00,0.00,0.00,22.08
FINISHED GOODS - SEC,CU (FG),CU1.8MPMEDPT-90,CU1.8MPMEDPT-90,KG,0.00,734.54,547.00,0.00,0.00,0.00,0.00,187.54
FINISHED GOODS - SEC,CU (FG),CU1.9MPMEDPT-180,CU1.9MPMEDPT-180,KG,515.88,23205.30,23721.18,0.00,0.00,0.00,0.00,0.00
FINISHED GOODS - SEC,CU (FG),CU12MPMEDM-266,CU12MPMEDM-266,KG,22.10,0.00,0.00,0.00,0.00,0.00,0.00,22.10
FINISHED GOODS - SEC,CU (FG),CU15HCMEDM-266,CU15HCMEDM-266,KG,162.80,0.00,0.00,0.00,0.00,0.00,0.00,162.80
FINISHED GOODS - SEC,CU (FG),CU16HCMEDM-266,CU16HCMEDM-266,KG,0.00,577.79,0.00,0.00,0.00,0.00,0.00,577.79
FINISHED GOODS - SEC,CU (FG),CU17HCMEDM-266,CU17HCMEDM-266,KG,0.00,697.48,697.48,0.00,0.00,0.00,0.00,0.00
FINISHED GOODS - SEC,CU (FG),CU19DCMEDM-266,CU19DCMEDM-266,KG,37.50,0.00,37.50,0.00,0.00,0.00,0.00,0.00
FINISHED GOODS - SEC,CU (FG),CU1DCFINEPT-25,CU1DCFINEPT-25,KG,129.16,0.00,0.00,0.00,0.00,0.00,0.00,129.16
FINISHED GOODS - SEC,CU (FG),CU1DCMEDPT-45,CU1DCMEDPT-45,KG,0.00,1018.30,980.80,0.00,0.00,0.00,0.00,37.50
FINISHED GOODS - SEC,CU (FG),CU2.24DCMEDPT-90,CU2.24DCMEDPT-90,KG,0.00,684.10,684.10,0.00,0.00,0.00,0.00,0.00
FINISHED GOODS - SEC,CU (FG),CU2.3DCMEDM-266,CU2.3DCMEDM-266,KG,0.00,2569.14,2330.44,0.00,0.00,0.00,0.00,238.70
FINISHED GOODS - SEC,CU (FG),CU20FCMEDM-266,CU20FCMEDM-266,KG,0.00,7.83,7.83,0.00,0.00,0.00,0.00,0.00
FINISHED GOODS - SEC,CU (FG),CU22.5DCMEDM-266,CU22.5DCMEDM-266,KG,0.00,1261.72,1115.50,0.00,0.00,0.00,0.00,146.22
FINISHED GOODS - SEC,CU (FG),CU22DCMEDPT-25,CU22DCMEDPT-25,KG,0.00,735.60,505.29,0.00,0.00,0.00,0.00,230.32
FINISHED GOODS - SEC,CU (FG),CU23.5MPMEDPT-25,CU23.5MPMEDPT-25,KG,0.00,116.16,116.16,0.00,0.00,0.00,0.00,0.00
FINISHED GOODS - SEC,CU (FG),CU23DCMEDPT-25,CU23DCMEDPT-25,KG,0.00,553.97,309.76,0.00,0.00,0.00,0.00,244.20
FINISHED GOODS - SEC,CU (FG),CU26SSMEDPT-10,CU26SSMEDPT-10,KG,35.07,0.00,35.07,0.00,0.00,0.00,0.00,0.00
FINISHED GOODS - SEC,CU (FG),CU27SSFINEPT-10,CU27SSFINEPT-10,KG,9.82,412.20,346.28,0.00,0.00,0.00,0.00,75.75
FINISHED GOODS - SEC,CU (FG),CU2DCMEDPT-25,CU2DCMEDPT-25,KG,0.00,73.24,73.24,0.00,0.00,0.00,0.00,0.00
FINISHED GOODS - SEC,CU (FG),CU30DCMEDPT25,CU30DCMEDPT-25,KG,0.00,452.66,452.66,0.00,0.00,0.00,0.00,0.00
FINISHED GOODS - SEC,CU (FG),CU30MPFINEPT-10,CU30MPFINEPT-10,KG,0.00,1241.80,775.80,0.00,0.00,0.00,0.00,466.00
FINISHED GOODS - SEC,CU (FG),CU30SSFINEPT-10,CU30SSFINEPT-10,KG,45.93,0.00,45.93,0.00,0.00,0.00,0.00,0.00
FINISHED GOODS - SEC,CU (FG),CU31DCMEDPT-25,CU31DCMEDPT-25,KG,55.83,1217.20,1215.94,0.00,0.00,0.00,0.00,57.08
FINISHED GOODS - SEC,CU (FG),CU31FCMEDPT-10,CU31FCMEDPT-10,KG,0.00,180.04,180.04,0.00,0.00,0.00,0.00,0.00
FINISHED GOODS - SEC,CU (FG),CU34MPFINEPT-10,CU34MPFINEPT-10,KG,0.00,1115.80,1115.80,0.00,0.00,0.00,0.00,0.00
FINISHED GOODS - SEC,CU (FG),CU35.5MPFINEPT-10,CU35.5MPFINEPT-10,KG,0.00,1431.78,1431.78,0.00,0.00,0.00,0.00,0.00
FINISHED GOODS - SEC,CU (FG),CU35FCMEDPT-10,CU35FCMEDPT-10,KG,0.00,1628.84,1628.84,0.00,0.00,0.00,0.00,0.00
FINISHED GOODS - SEC,CU (FG),CU36AMPMEDPT-10,CU36AMPMEDPT-10,KG,340.63,0.00,0.00,0.00,0.00,0.00,0.00,340.63
FINISHED GOODS - SEC,CU (FG),CU36SSNYLONMEDPT-10 ,CU36SSNYLONMEDPT-10,KG,56.23,11637.36,11077.74,0.00,0.00,0.00,0.00,615.86
FINISHED GOODS - SEC,CU (FG),CU38*5SSMEDPT-10,CU38*5SSMEDPT-10,KG,21.69,0.00,0.00,0.00,0.00,0.00,0.00,21.69
FINISHED GOODS - SEC,CU (FG),CU38*8SSMEDPT-10,CU38*8SSMEDPT-10,KG,7.10,43.80,0.00,0.00,0.00,0.00,0.00,50.90
FINISHED GOODS - SEC,CU (FG),CU38.5SSFINEPT-4,CU38.5SSFINEPT-4,KG,0.00,133.40,0.00,0.00,0.00,0.00,0.00,133.40
FINISHED GOODS - SEC,CU (FG),CU38HCMEDPT-10,CU38HCMEDPT-10,KG,56.78,0.00,13.52,0.00,0.00,0.00,0.00,43.26
FINISHED GOODS - SEC,CU (FG),CU39MPMEDPT-4,CU39MPMEDPT-4,KG,10.12,0.00,0.00,0.00,0.00,0.00,0.00,10.12
FINISHED GOODS - SEC,CU (FG),CU39SSFINEPT-4,CU39SSFINEPT-4,KG,0.00,776.20,201.90,0.00,0.00,0.00,0.00,574.30
FINISHED GOODS - SEC,CU (FG),CU39SSMEDPT-10,CU39SSMEDPT-10,KG,0.00,588.94,588.94,0.00,0.00,0.00,0.00,0.00
FINISHED GOODS - SEC,CU (FG),CU40SSFINEPT-10,CU40SSFINEPT-10,KG,0.00,507.61,507.61,0.00,0.00,0.00,0.00,0.00
FINISHED GOODS - SEC,CU (FG),CU41HCMEDPT-4,CU41HCMEDPT-4,KG,0.00,411.70,365.04,0.00,0.00,0.00,0.00,46.66
FINISHED GOODS - SEC,CU (FG),CU43SSFINEPT-4,CU43SSFINEPT-4,KG,17.22,262.88,172.82,0.00,0.00,0.00,0.00,107.28
FINISHED GOODS - SEC,CU (FG),CU43SSMEDPT-4,CU43SSMEDPT-4,KG,0.00,103.92,103.92,0.00,0.00,0.00,0.00,0.00
FINISHED GOODS - SEC,CU (FG),CWWfactory2nd,CWWFACTORY2ND,KG,2246.26,53.74,276.96,0.00,0.00,0.00,0.00,2023.04
FINISHED GOODS - SEC,CU (FG),cu0.15*4SSFinePT10,cu0.15*4SSFinePT10,KG,225.70,2005.21,2171.94,0.00,0.00,0.00,0.00,58.98
FINISHED GOODS - SEC,CU (FG),cu0.3sbmedpt-25,CU0.3SBMEDPT-25,KG,0.00,439.88,439.88,0.00,0.00,0.00,0.00,0.00
FINISHED GOODS - SEC,CU (FG),cu0.9DCSBMEDPT-25,CU0.9DCSBMEDPT-25,KG,51.04,0.00,0.00,0.00,0.00,0.00,0.00,51.04
FINISHED GOODS - SEC,CU (FG),cu21.5hcmedm-266,CU21.5HCMEDM-266,KG,7.19,55.48,23.54,0.00,0.00,0.00,0.00,39.14
FINISHED GOODS - SEC,CU (FG),cu23mpfinept-25,CU23MPFINEPT-25,KG,0.00,630.58,630.58,0.00,0.00,0.00,0.00,0.00
FINISHED GOODS - SEC,CU (FG),cu34AMPMEDPT-10,CU34AMPMEDPT-10,KG,11.18,0.00,0.00,0.00,0.00,0.00,0.00,11.18
FINISHED GOODS - SEC,CU (FG),miscfgcu,MISCFGCU,KG,14.40,102.17,0.00,0.00,0.00,0.00,0.00,116.58
FINISHED GOODS - SEC,FINISHED GOODS,CCA0.23SSFINEPT-10,CCA0.23SSFINEPT-10,KG,0.00,92.18,92.18,0.00,0.00,0.00,0.00,0.00
FINISHED GOODS - SEA,Balco Circular,AL0.75MPMEDPT-90,AL0.75MPMEDPT-90,KG,0.00,1371.70,1371.70,0.00,0.00,0.00,0.00,0.00
FINISHED GOODS - SEA,Balco Circular,AL16hcmedpt-25,AL16HCMEDPT-25,KG,0.00,180.73,162.15,0.00,0.00,0.00,0.00,18.58
FINISHED GOODS - SEA,Balco Circular,AL17HCMEDPT-25,AL17HCMEDPT-25,KG,0.00,265.44,265.44,0.00,0.00,0.00,0.00,0.00
FINISHED GOODS - SEA,Balco Circular,AL21MPMEDPT-25,AL21MPMEDPT-25,KG,0.00,7448.46,7448.46,0.00,0.00,0.00,0.00,0.00
FINISHED GOODS - SEA,Balco Circular,AL22DCMEDPT-25,AL22DCMEDPT-25,KG,6.72,1.74,1.74,0.00,0.00,0.00,0.00,6.72
FINISHED GOODS - SEA,Balco Circular,AL22MPMEDPT-25,AL22MPMEDPT-25,KG,0.00,1265.98,1249.80,0.00,0.00,0.00,0.00,16.18
FINISHED GOODS - SEA,Balco Circular,al0.91mpmpt-90,AL0.91MPMPT-90,KG,0.00,73.70,73.70,0.00,0.00,0.00,0.00,0.00
FINISHED GOODS - SEA,Hindalco,AL25HCMEDPT-25,AL25HCMEDPT-25,KG,0.00,2047.21,2047.21,0.00,0.00,0.00,0.00,0.00
FINISHED GOODS - SEA,Hindalco,AL26MPMEDPT-25,AL26MPMEDPT-25,KG,43.26,467.08,251.38,0.00,0.00,0.00,0.00,258.96
FINISHED GOODS - SEA,Hindalco,AL27MPMEDPT-25,AL27MPMEDPT-25,KG,11.90,0.00,0.00,0.00,0.00,0.00,0.00,11.90
FINISHED GOODS - SEA,Hindalco,AL28MPMEDPT-25,AL28MPMEDPT-25,KG,1703.32,1651.35,1609.35,0.00,0.00,0.00,0.00,1745.32
FINISHED GOODS - SEA,Hindalco,AL29MPMEDPT-25,AL29MPMEDPT-25,KG,1756.10,5328.72,5386.95,0.00,0.00,0.00,0.00,1697.87
FINISHED GOODS - SEA,Hindalco,AL30MPMEDPT-25,AL30MPMEDPT-25,KG,645.20,2630.68,2581.48,0.00,0.00,0.00,0.00,694.40
FINISHED GOODS - SEA,Hindalco,AL31MPMEDPT-10,AL31MPMEDPT-10,KG,440.96,1129.92,1369.80,0.00,0.00,0.00,0.00,201.07
FINISHED GOODS - SEA,Hindalco,AL32MPMEDPT-10,AL32MPMEDPT-10,KG,51.67,1346.04,1229.14,0.00,0.00,0.00,0.00,168.56
FINISHED GOODS - SEA,Hindalco,AL33MPMEDPT-10,AL33MPMEDPT-10,KG,421.01,1087.54,921.79,0.00,0.00,0.00,0.00,586.76
FINISHED GOODS - SEA,Hindalco,AL34MPMEDPT-10,AL34MPMEDPT-10,KG,45.75,788.56,443.12,0.00,0.00,0.00,0.00,391.19
FINISHED GOODS - SEA,Hindalco,al33mpmedpt-25,AL33MPMEDPT-25,KG,24.80,0.00,0.00,0.00,0.00,0.00,0.00,24.80
FINISHED GOODS - SEA,Monthly Aluminium,AL22DCMEDPT-90,AL22DCMEDPT-90,KG,0.00,15210.74,15210.74,0.00,0.00,0.00,0.00,0.00
FINISHED GOODS - SEA,AL (FG),AL0.44MPMEDPT-25,AL0.44MPMEDPT-25,KG,89.08,0.00,0.00,0.00,0.00,0.00,0.00,89.08
FINISHED GOODS - SEA,AL (FG),AL0.44MPMEDPT-60,AL0.44MPMEDPT-60,KG,0.00,3049.98,3049.98,0.00,0.00,0.00,0.00,0.00
FINISHED GOODS - SEA,AL (FG),AL0.47MPMEDPT-25,AL0.47MPMEDPT-25,KG,101.30,0.00,16.96,0.00,0.00,0.00,0.00,84.34
FINISHED GOODS - SEA,AL (FG),AL0.47MPMEDPT-60,AL0.47MPMEDPT-60,KG,0.00,2039.52,2039.44,0.00,0.00,0.00,0.00,0.08
FINISHED GOODS - SEA,AL (FG),AL0.54MPMEDPT-25,AL0.54MPMEDPT-25,KG,174.90,197.42,306.70,0.00,0.00,0.00,0.00,65.62
FINISHED GOODS - SEA,AL (FG),AL0.54MPMEDPT-90,AL0.54MPMEDPT-90,KG,0.00,1299.06,1299.06,0.00,0.00,0.00,0.00,0.00
FINISHED GOODS - SEA,AL (FG),AL1.8DCFINEM-266,AL1.8DCFINEM-266,KG,0.00,58.70,50.91,0.00,0.00,0.00,0.00,7.78
FINISHED GOODS - SEA,AL (FG),AL16.5MPMEDM-266,AL16.5MPMEDM-266,KG,0.00,2907.00,2907.00,0.00,0.00,0.00,0.00,0.00
FINISHED GOODS - SEA,AL (FG),AL17MPMEDM-266,AL17MPMEDM-266,KG,0.00,610.37,261.33,0.00,0.00,0.00,0.00,349.04
FINISHED GOODS - SEA,AL (FG),AL18.5MPMEDPT-25,AL18.5MPMEDPT-25,KG,0.00,3461.74,3071.20,0.00,0.00,0.00,0.00,390.54
FINISHED GOODS - SEA,AL (FG),AL18MPMEDM-266,AL18MPMEDM-266,KG,0.00,15.40,0.00,0.00,0.00,0.00,0.00,15.40
FINISHED GOODS - SEA,AL (FG),AL19.5MPMEDPT-25,AL19.5MPMEDPT-25,KG,14.87,1021.30,1021.30,0.00,0.00,0.00,0.00,14.87
FINISHED GOODS - SEA,AL (FG),AL19MPMEDPT-25,AL19MPMEDPT-25,KG,0.00,2217.10,1206.26,0.00,0.00,0.00,0.00,1010.84
FINISHED GOODS - SEA,AL (FG),AL21.5MPMEDPT-25,AL21.5MPMEDPT-25,KG,0.00,3162.51,3162.50,0.00,0.00,0.00,0.00,0.01
FINISHED GOODS - SEA,AL (FG),AL22HCMEDPT-25,AL22HCMEDPT-25,KG,0.00,10799.32,10320.30,0.00,0.00,0.00,0.00,479.03
FINISHED GOODS - SEA,AL (FG),AL23.5HCMEDPT-25,AL23.5HCMEDPT-25,KG,125.28,2883.88,3000.74,0.00,0.00,0.00,0.00,8.40
FINISHED GOODS - SEA,AL (FG),AL23HCMEDPT-25,AL23HCMEDPT-25,KG,18.01,0.00,0.00,0.00,0.00,0.00,0.00,18.01
FINISHED GOODS - SEA,AL (FG),AL23MPMEDPT-25,AL23MPMEDPT-25,KG,109.52,314.64,406.54,0.00,0.00,0.00,0.00,17.62
FINISHED GOODS - SEA,AL (FG),AL24DCMEDPT-25,AL24DCMEDPT-25,KG,268.94,0.00,268.94,0.00,0.00,0.00,0.00,0.00
FINISHED GOODS - SEA,AL (FG),AL24HCMEDPT-25,AL24HCMEDPT-25,KG,42.24,2533.72,2141.17,0.00,0.00,0.00,0.00,434.80
FINISHED GOODS - SEA,AL (FG),AL25DCMEDPT-25,AL25DCMEDPT-25,KG,90.75,0.00,0.00,0.00,0.00,0.00,0.00,90.75
FINISHED GOODS - SEA,AL (FG),AL27DCMEDPT25,AL27DCMEDPT25,KG,3.84,0.00,0.00,0.00,0.00,0.00,0.00,3.84
FINISHED GOODS - SEA,AL (FG),AL28DCMEDPT25,AL28DCMEDPT25,KG,536.63,0.00,0.00,0.00,0.00,0.00,0.00,536.63
FINISHED GOODS - SEA,AL (FG),al1.02dcmedpt-25,AL1.02DCMEDPT-25,KG,801.72,2114.00,2684.22,0.00,0.00,0.00,0.00,231.51
FINISHED GOODS - SEA,AL (FG),awwfactory2nd,AWWFACTORY2ND,KG,85.56,0.00,42.24,0.00,0.00,0.00,0.00,43.32
FINISHED GOODS - SEA,PROV,AL1.03MPMEDM266,AL1.03MPMEDM266,KG,0.00,550.06,550.06,0.00,0.00,0.00,0.00,0.00
FINISHED GOODS - SEA,PROV,AL1.84MPMEDM266,AL1.84MPMEDM266,KG,0.00,789.84,789.84,0.00,0.00,0.00,0.00,0.00
FINISHED GOODS - SEA,PROV,AL2.22MPMEDM266,AL2.22MPMEDM266,KG,0.00,812.33,812.33,0.00,0.00,0.00,0.00,0.00
FINISHED GOODS - SEA,Weekly WWMA PLUS 1,CU21MPMEDPT-25,CU21MPMEDPT-25,KG,0.00,152.24,152.24,0.00,0.00,0.00,0.00,0.00
RAW MATERIAL - CU - LOCAL,COPPER WIRE / ROD,RMCOCO WIRE / ROD,COPPER WIRE / ROD,KG,65320.00,469049.00,0.00,0.00,0.00,0.00,0.00,534369.00
RAW MATERIAL - AL,ALUMINIUM WIRE / ROD,RMALAL WIRE / ROD,ALUMINIUM WIRE / ROD,KG,35915.00,26255.00,0.00,0.00,0.00,0.00,0.00,62170.00
ENAMEL,OIL and LUBRICANT,FLK 332A,FLK 332A,KG,0.00,0.00,0.00,0.00,0.00,0.00,0.00,0.00
ENAMEL,H CLASS,RMENH 543-38,TEREBEC MT 543-38,KG,3570.00,20370.00,17850.00,0.00,0.00,0.00,0.00,6090.00
ENAMEL,H CLASS,RMENH535,FEI 0535,KG,4410.00,0.00,1050.00,0.00,0.00,0.00,0.00,3360.00
ENAMEL,H CLASS,RMENH540,FEI 0540,KG,840.00,0.00,840.00,0.00,0.00,0.00,0.00,0.00
ENAMEL,POLYESTER,RMENPO227-35,227-35,KG,1890.00,0.00,840.00,0.00,0.00,0.00,0.00,1050.00
ENAMEL,POLYESTER,RMENPOM/M,MILESTER M/M,KG,2100.00,1050.00,420.00,0.00,0.00,0.00,0.00,2730.00
ENAMEL,SELF SOLDRABLE,RMENSESODFPH 240,FPH 240,KG,1600.00,1800.00,2800.00,0.00,0.00,0.00,0.00,600.00
ENAMEL,SELF SOLDRABLE,RMENSESODFPU A1 40,FPU A1 40,KG,7600.00,11000.00,13000.00,0.00,0.00,0.00,0.00,5600.00
ENAMEL,SELF SOLDRABLE,RMENSESODFPU A1 50,FPU A1 50,KG,2400.00,0.00,400.00,0.00,0.00,0.00,0.00,2000.00
ENAMEL,SELF SOLDRABLE,RMENSs 1355-35,RMENSS 1355-35,KG,210.00,0.00,0.00,0.00,0.00,0.00,0.00,210.00
ENAMEL,TOP COAT,RMENTCNH AI 1013,AI-BV1013,KG,1260.00,1470.00,1470.00,0.00,0.00,0.00,0.00,1260.00
ENAMEL,TOP COAT,RMENTCNH AI 20PA,NH AI 20PA,KG,840.00,0.00,0.00,0.00,0.00,0.00,0.00,840.00
ENAMEL,TOP COAT,RMENTCNH AI 27 P,NH AI 27 P,KG,420.00,2310.00,1050.00,0.00,0.00,0.00,0.00,1680.00
ENAMEL,TOP COAT,RMENTCNH AI 27 S,NH AI 27 S,KG,2100.00,0.00,1470.00,0.00,0.00,0.00,0.00,630.00
ENAMEL,TOP COAT,RMENTCNH AI 30 MLK,NH AI 30 MLK,KG,210.00,210.00,420.00,0.00,0.00,0.00,0.00,0.00
ENAMEL,ENAMEL,ENAMELL (NYLON) FOV Z 8LA ,ENAMELL (NYLON) FOV Z 8LA,KG,0.00,800.00,0.00,0.00,0.00,0.00,0.00,800.00
ENAMEL,ENAMEL,FEI 0543,FEI 0543,KG,0.00,0.00,0.00,0.00,0.00,0.00,0.00,0.00
ENAMEL,ENAMEL,FOV S8,FOV S8,KG,0.00,0.00,0.00,0.00,0.00,0.00,0.00,0.00
ENAMEL,ENAMEL,NH AI 34HD,NH AI 34HD,KG,0.00,0.00,0.00,0.00,0.00,0.00,0.00,0.00
ENAMEL,ENAMEL,SSK 2543,SSK 2543,KG,0.00,420.00,0.00,0.00,0.00,0.00,0.00,420.00
ENAMEL,ENAMEL,SSK 4001,SSK 4001,KG,0.00,420.00,0.00,0.00,0.00,0.00,0.00,420.00
ENAMEL,ENAMEL,VAR-910 NYLON,VAR-910 NYLON,KG,190.00,0.00,190.00,0.00,0.00,0.00,0.00,0.00
ENAMEL,ENAMEL,VAR-HIGH SPEED,VAR-HIGH SPEED,KG,11130.00,15750.00,17220.00,0.00,0.00,0.00,0.00,9660.00
ENAMEL,ENAMEL,VAR-SAMPLE,VAR-SAMPLE,KG,0.00,420.00,0.00,0.00,0.00,0.00,0.00,420.00
ENAMEL,ENAMEL,VAR-SOLDREX - 35,VAR-SOLDREX - 35,KG,0.00,0.00,0.00,0.00,0.00,0.00,0.00,0.00
ENAMEL,ENAMEL,VAR. TONGMID 595/36MBD,VAR. TONGMID 595/36MBD,KG,0.00,800.00,200.00,0.00,0.00,0.00,0.00,600.00
ENAMEL,JWRMEN,JWEN,J/W WIRE ENAMEL,KG,1050.00,0.00,1050.00,0.00,0.00,0.00,0.00,0.00
PACKING MATERIAL,BARCODE MATERIAL,PMSLRBPL-30X15X1,BARCODE PAPER LABEL-30X15X1,PCS,11.00,50000.00,0.00,0.00,0.00,0.00,0.00,50011.00
PACKING MATERIAL,BARCODE MATERIAL,PMSLRBPL-30X20X1,BARCODE PAPER LABEL-30X20X1,PCS,17.00,50000.00,0.00,0.00,0.00,0.00,0.00,50017.00
PACKING MATERIAL,BARCODE MATERIAL,PMSLRBPL-75X75X1,BARCODE PAPER LABEL-75X75X1,PCS,345.00,0.00,0.00,0.00,0.00,0.00,0.00,345.00
PACKING MATERIAL,BARCODE MATERIAL,PMSLRBPL-76X38X1,BARCODE PAPER LABEL-76X38X1,PCS,101.00,0.00,0.00,0.00,0.00,0.00,0.00,101.00
PACKING MATERIAL,BARCODE MATERIAL,PMSLRRIBBOM 35X100,"RIBBON-35X100 (WAX 1"" CORE)",PCS,24.00,0.00,0.00,0.00,0.00,0.00,0.00,24.00
PACKING MATERIAL,BARCODE MATERIAL,PMSLRRIBBON 80X300,"RIBBON-80X300 (WAX 1"" CORE)",PCS,30.00,0.00,0.00,0.00,0.00,0.00,0.00,30.00
PACKING MATERIAL,CORRUGATED BOXES,PMCB10.75X10.75X13(THERMOCOL),"CORRUGATED BOX PT-25,10.75X10.75X13 (THERMOCOL)",PCS,611.00,0.00,0.00,0.00,0.00,0.00,0.00,611.00
PACKING MATERIAL,CORRUGATED BOXES,PMCB10.75X10.75X8,"CORRUGATED BOX- PT-12"" 10.75X10.75X8",PCS,403.00,706.00,0.00,0.00,0.00,0.00,0.00,1109.00
PACKING MATERIAL,CORRUGATED BOXES,"PMCB11.5""X11.5""X9.5""5PLY","CORRUGATED BOXPT-3 11.5""X11.5""X9.5"" 5 PLY",PCS,130.00,0.00,0.00,0.00,0.00,0.00,0.00,130.00
PACKING MATERIAL,CORRUGATED BOXES,PMCB11.5''X11.5''X8'',CORRUGATED BOX-PT4-11.5''X11.5''X8'',PCS,665.00,0.00,0.00,0.00,0.00,0.00,0.00,665.00
PACKING MATERIAL,CORRUGATED BOXES,"PMCB12""X12""16""5PLY.","CORRUGATED BOX.PT-60 12""X12""16""- 5 PLY.",PCS,200.00,302.00,0.00,0.00,0.00,0.00,0.00,502.00
PACKING MATERIAL,CORRUGATED BOXES,"PMCB14.75""X7.5""X9.5""","CORRUGATED BOX-PT10-14.75""X7.5""X9.5""",PCS,1232.00,8754.00,0.00,0.00,0.00,0.00,0.00,9986.00
PACKING MATERIAL,CORRUGATED BOXES,"PMCB8""X8""X9.25""","CORRUGATED BOX-PT15-8""X8""X9.25""",PCS,285.00,0.00,0.00,0.00,0.00,0.00,0.00,285.00
PACKING MATERIAL,CORRUGATED BOXES,"PMCB9.25X9.25X11.25""3PLY","CORRUGATED BOX - PT-25- 9.25X 9.25X 11.25"" 3PLY",PCS,1262.00,10868.00,0.00,0.00,0.00,0.00,0.00,12130.00
PACKING MATERIAL,CORRUGATED BOXES,PMCBINTERLOCK,CORRUGATED BOX-PT-10 INTERLOCK,PCS,857.00,2907.00,0.00,0.00,0.00,0.00,0.00,3764.00
PACKING MATERIAL,IRON PATTI,PMMSIRON PATTI,"IRON PATTI-1/2"" & NAILS",KG,30.00,121.42,0.00,0.00,0.00,0.00,0.00,151.42
PACKING MATERIAL,PLASTIC SPOOL,PLAS SPOOL PT-04 ABS NP,PLAS SPOOL PT-04 ABS NP,PCS,0.00,500.00,8.00,0.00,0.00,0.00,0.00,492.00
PACKING MATERIAL,PLASTIC SPOOL,PMSPM266,"PLAS SPOOL PT-10""",PCS,48.00,200.00,48.00,0.00,0.00,0.00,0.00,200.00
PACKING MATERIAL,PLASTIC SPOOL,PMSPM355,SPOOL 355MM,PCS,315.00,0.00,0.00,0.00,0.00,0.00,0.00,315.00
PACKING MATERIAL,PLASTIC SPOOL,PMSPRW2,PLAS SPOOL PT-(1-2)/ 130MM,PCS,0.00,1000.00,0.00,0.00,0.00,0.00,0.00,1000.00
PACKING MATERIAL,PLASTIC SPOOL,PMSPT,PLASTIC SPOOL PT-20,PCS,0.00,1696.00,101.00,0.00,0.00,0.00,0.00,1595.00
PACKING MATERIAL,PLASTIC SPOOL,PMSPT10,PLAS SPOOL PT-10,PCS,15150.00,24728.00,13199.00,0.00,0.00,0.00,0.00,26679.00
PACKING MATERIAL,PLASTIC SPOOL,PMSPT15,PLAS SPOOL PT-15,PCS,3578.00,800.00,0.00,0.00,0.00,0.00,0.00,4378.00
PACKING MATERIAL,PLASTIC SPOOL,PMSPT200,PLAS SPOOL PT-180 / PT-200,PCS,630.00,489.00,284.00,0.00,0.00,0.00,0.00,835.00
PACKING MATERIAL,PLASTIC SPOOL,PMSPT25,PLAS SPOOL PT-25,PCS,2172.00,2376.00,3964.00,0.00,0.00,0.00,0.00,584.00
PACKING MATERIAL,PLASTIC SPOOL,PMSPT25BUCKET,PLASTIC BUCKET PT-25,PCS,0.00,624.00,0.00,0.00,0.00,0.00,0.00,624.00
PACKING MATERIAL,PLASTIC SPOOL,PMSPT4,PLAS SPOOL PT-04,PCS,3700.00,6868.00,2122.00,0.00,0.00,0.00,0.00,8446.00
PACKING MATERIAL,PLASTIC SPOOL,PMSPT45,PLAS SPOOL PT- 45,PCS,587.00,672.00,1092.00,0.00,0.00,0.00,0.00,167.00
PACKING MATERIAL,PLASTIC SPOOL,PMSPT45BUCKET,PLASTIC BUCKET PT-45,PCS,803.00,0.00,76.00,0.00,0.00,0.00,0.00,727.00
PACKING MATERIAL,PLASTIC SPOOL,PMSPT60,PLAS SPOOL PT- 60,PCS,582.00,0.00,233.00,0.00,0.00,0.00,0.00,349.00
PACKING MATERIAL,PLASTIC SPOOL,PMSPT90,PLAS SPOOL PT- 90,PCS,757.00,710.00,1467.00,0.00,0.00,0.00,0.00,0.00
PACKING MATERIAL,PLASTIC SPOOL MISC,PMSPMISC. PLASTIC REELS,MISC. PLASTIC REELS,PCS,0.00,0.00,0.00,0.00,0.00,0.00,0.00,0.00
PACKING MATERIAL,STRAPING CLIP,PMMSSTRAPPING CLIP,STRAPPING CLIP,KG,2.00,0.00,0.00,0.00,0.00,0.00,0.00,2.00
PACKING MATERIAL,STRAPING ROLL,PMMSSTRAPPING ROLL,STRAPPING ROLL,PCS,2.00,0.00,0.00,0.00,0.00,0.00,0.00,2.00
PACKING MATERIAL,TAPE,"PMTPTAPE- 1""","TAPE- 1"" TRANSPARENT",PCS,1.00,1.00,0.00,0.00,0.00,0.00,0.00,2.00
PACKING MATERIAL,TAPE,"PMTPTAPE- 2""","TAPE- 2"" TRANSPARENT",PCS,5.00,866.00,0.00,0.00,0.00,0.00,0.00,871.00
PACKING MATERIAL,TAPE MACHINE,PMTPPACKING EQUIPMENTS,PACKING EQUIPMENTS,PCS,0.00,0.00,0.00,0.00,0.00,0.00,0.00,0.00
PACKING MATERIAL,THERMOCOL,PMCBTHERMOCOL,THERMOCOL PACKING BOXES,PCS,500.00,0.00,0.00,0.00,0.00,0.00,0.00,500.00
PACKING MATERIAL,WOODEN PALLET,PMPLPALLET,PALLET ALL TYPES,PCS,322.00,25.00,0.00,0.00,0.00,0.00,0.00,347.00
PACKING MATERIAL,WOODEN PALLET,WOODEN BOX 38*29*27,WOODEN BOX 38*29*27,PCS,15.00,28.00,0.00,0.00,0.00,0.00,0.00,43.00
PACKING MATERIAL,WOODEN PALLET,WOODEN GUTKA,WOODEN GUTKA,PCS,1000.00,6060.00,0.00,0.00,0.00,0.00,0.00,7060.00
PACKING MATERIAL,WOODEN PALLET,WOODEN PALLET 37*25.50,WOODEN PALLET 37*25.50,PCS,15.00,50.00,0.00,0.00,0.00,0.00,0.00,65.00
PACKING MATERIAL,WOODEN PALLET,WOODEN PALLET 37*37,WOODEN PALLET 37*37,PCS,322.00,160.00,0.00,0.00,0.00,0.00,0.00,482.00
PACKING MATERIAL,WOODEN PALLET,WOODEN PALLET 44*33,WOODEN PALLET 44*33,PCS,33.00,90.00,0.00,0.00,0.00,0.00,0.00,123.00
PACKING MATERIAL,WRAPPER,PMWRWRAPPER - PT- 90- 420X1100MM,WRAPPER- PT- 90- 420X1100MM,KG,406.00,458.00,0.00,0.00,0.00,0.00,0.00,864.00
PACKING MATERIAL,WRAPPER,"PMWRWRAPPER - PT-12"" 160X910 MM","WRAPPER-PT-12"" 160X910 MM",KG,104.00,0.00,0.00,0.00,0.00,0.00,0.00,104.00
PACKING MATERIAL,WRAPPER,PMWRWRAPPER - PT-180- 530 MM,WRAPPER- PT-180- 530 MM,KG,311.00,0.00,0.00,0.00,0.00,0.00,0.00,311.00
PACKING MATERIAL,WRAPPER,PMWRWRAPPER -PT- 45- 330 MM,WRAPPER-PT- 45- 330 MM,KG,97.00,388.00,0.00,0.00,0.00,0.00,0.00,485.00
PACKING MATERIAL,WRAPPER,PMWRWRAPPER PT-10/15-195X640MM,WRAPPER-PT-10/15 -  195 X 640 MM,KG,573.00,545.00,0.00,0.00,0.00,0.00,0.00,1118.00
PACKING MATERIAL,WRAPPER,PMWRWRAPPER- 120 MM,"WRAPPER- 120 MM (10"" REEL)",KG,299.00,0.00,0.00,0.00,0.00,0.00,0.00,299.00
PACKING MATERIAL,WRAPPER,PMWRWRAPPER- MISC.,WRAPPER- MISC.,KG,0.00,0.00,0.00,0.00,0.00,0.00,0.00,0.00
PACKING MATERIAL,WRAPPER,PMWRWRAPPER-PT-25-245 X790 MM,WRAPPER- PT - 25 - 245 X 790 MM,KG,393.00,0.00,0.00,0.00,0.00,0.00,0.00,393.00
PACKING MATERIAL,PACKING MATERIAL,"CORRUGATED BOX PT- 4, 11.50X11.50X8- 5 PLY","CORRUGATED BOX PT- 4, 11.50X11.50X8- 5 PLY",PCS,665.00,994.00,0.00,0.00,0.00,0.00,0.00,1659.00
PACKING MATERIAL,PACKING MATERIAL,"CORRUGATED BOX PT- 45, 10.50X10.50X16.50- 3 PLY","CORRUGATED BOX PT- 45, 10.50X10.50X16.50- 3 PLY",PCS,0.00,1184.00,0.00,0.00,0.00,0.00,0.00,1184.00
PACKING MATERIAL,PACKING MATERIAL,"CORRUGATED BOX PT- 45, 10.50X10.50X16.50- 5 PLY","CORRUGATED BOX PT- 45, 10.50X10.50X16.50- 5 PLY",PCS,280.00,382.00,0.00,0.00,0.00,0.00,0.00,662.00
PACKING MATERIAL,PACKING MATERIAL,"CORRUGATED BOX PT-15, 16.50*8.25*9.50 3 PLY","CORRUGATED BOX PT-15, 16.50*8.25*9.50 3 PLY",PCS,285.00,0.00,0.00,0.00,0.00,0.00,0.00,285.00
PACKING MATERIAL,PACKING MATERIAL,PLASTIC SPOOL - K160,PLASTIC SPOOL - K160,PCS,650.00,0.00,0.00,0.00,0.00,0.00,0.00,650.00
PACKING MATERIAL,PACKING MATERIAL,POLY BAG,POLY BAG,KG,0.00,85.56,0.00,0.00,0.00,0.00,0.00,85.56
PACKING MATERIAL,PACKING MATERIAL,STRECH FILM,STRECH FILM,KG,2.00,699.30,0.00,0.00,0.00,0.00,0.00,701.30
PACKING MATERIAL,PACKING MATERIAL,WRAPPER- PT-25 - 245X790MM,WRAPPER- PT-25 - 245X790MM,KG,0.00,783.00,0.00,0.00,0.00,0.00,0.00,783.00
SPARE AND CONSUMABLE,BEARING,BEARING - 3308,BEARING - 3308,PCS,0.00,10.00,0.00,0.00,0.00,0.00,0.00,10.00
SPARE AND CONSUMABLE,BEARING,BEARING - 6001 2Z,BEARING - 6001 2Z,PCS,0.00,10.00,0.00,0.00,0.00,0.00,0.00,10.00
SPARE AND CONSUMABLE,BEARING,BEARING - 6002 ZZ,BEARING - 6002 ZZ,PCS,0.00,10.00,0.00,0.00,0.00,0.00,0.00,10.00
SPARE AND CONSUMABLE,BEARING,BEARING - 6004 2Z,BEARING - 6004 2Z,PCS,0.00,10.00,0.00,0.00,0.00,0.00,0.00,10.00
SPARE AND CONSUMABLE,BEARING,BEARING - 6006 2Z,BEARING - 6006 2Z,PCS,0.00,4.00,0.00,0.00,0.00,0.00,0.00,4.00
SPARE AND CONSUMABLE,BEARING,BEARING - 6009ZZ,BEARING - 6009ZZ,PCS,0.00,4.00,0.00,0.00,0.00,0.00,0.00,4.00
SPARE AND CONSUMABLE,BEARING,BEARING - 609ZZ,BEARING - 609ZZ,PCS,0.00,6.00,0.00,0.00,0.00,0.00,0.00,6.00
SPARE AND CONSUMABLE,BEARING,BEARING - 6306,BEARING - 6306,PCS,0.00,2.00,0.00,0.00,0.00,0.00,0.00,2.00
SPARE AND CONSUMABLE,BEARING,BEARING - 6900ZZ,BEARING - 6900ZZ,PCS,0.00,6.00,0.00,0.00,0.00,0.00,0.00,6.00
SPARE AND CONSUMABLE,BEARING,BEARING - 6982Z,BEARING - 6982Z,PCS,0.00,5.00,0.00,0.00,0.00,0.00,0.00,5.00
SPARE AND CONSUMABLE,BEARING,COBR6003ZZ,BEARING - 6003 ZZ,PCS,0.00,10.00,0.00,0.00,0.00,0.00,0.00,10.00
SPARE AND CONSUMABLE,BEARING,COBR60152RS1,BEARING- 6015  2RS1,PCS,0.00,3.00,0.00,0.00,0.00,0.00,0.00,3.00
SPARE AND CONSUMABLE,BEARING,COBR60162RS1,BEARING- 6016 2RS1,PCS,0.00,3.00,0.00,0.00,0.00,0.00,0.00,3.00
SPARE AND CONSUMABLE,BEARING,COBR608Z,BEARING 608 Z,PCS,0.00,20.00,0.00,0.00,0.00,0.00,0.00,20.00
SPARE AND CONSUMABLE,BEARING,COBR62002Z,BEARING 6200 2Z,PCS,0.00,4.00,0.00,0.00,0.00,0.00,0.00,4.00
SPARE AND CONSUMABLE,BEARING,COBR6201ZZ,BEARING 6201 ZZ,PCS,0.00,4.00,0.00,0.00,0.00,0.00,0.00,4.00
SPARE AND CONSUMABLE,BEARING,COBR62022Z,BEARING 6202 2Z,PCS,0.00,4.00,0.00,0.00,0.00,0.00,0.00,4.00
SPARE AND CONSUMABLE,BEARING,COBR6203,BEARING- 6203,PCS,0.00,4.00,0.00,0.00,0.00,0.00,0.00,4.00
SPARE AND CONSUMABLE,BEARING,COBR62052Z,BEARING- 6205- 2Z,PCS,0.00,9.00,0.00,0.00,0.00,0.00,0.00,9.00
SPARE AND CONSUMABLE,BEARING,COBR62062Z,BEARING- 6206 2Z,PCS,0.00,9.00,0.00,0.00,0.00,0.00,0.00,9.00
SPARE AND CONSUMABLE,BEARING,COBR625,BEARING -625,PCS,0.00,20.00,0.00,0.00,0.00,0.00,0.00,20.00
SPARE AND CONSUMABLE,BEARING,COBR6262Z,BEARING-626 2Z,PCS,0.00,20.00,0.00,0.00,0.00,0.00,0.00,20.00
SPARE AND CONSUMABLE,BEARING,COBR63012Z,BEARING- 6301-2Z,PCS,0.00,12.00,0.00,0.00,0.00,0.00,0.00,12.00
SPARE AND CONSUMABLE,BEARING,COBR63022Z,BEARING 6302 2Z,PCS,0.00,2.00,0.00,0.00,0.00,0.00,0.00,2.00
SPARE AND CONSUMABLE,BEARING,COBR6305,BEARING- 6305,PCS,0.00,2.00,0.00,0.00,0.00,0.00,0.00,2.00
SPARE AND CONSUMABLE,BEARING,COBR6307/C3,BEARING- 6307/C3,PCS,0.00,12.00,0.00,0.00,0.00,0.00,0.00,12.00
SPARE AND CONSUMABLE,BELT,COBLT20008MX36,BELT- HTD-2000-8MX 36,PCS,0.00,2.00,0.00,0.00,0.00,0.00,0.00,2.00
SPARE AND CONSUMABLE,BELT,COBLTA- 42,A- 42 V BELT,PCS,0.00,2.00,0.00,0.00,0.00,0.00,0.00,2.00
SPARE AND CONSUMABLE,BUILDING MATERIAL,COBMMISC,MISC. BUILDING MATERIALS,KG,0.00,0.00,0.00,0.00,0.00,0.00,0.00,0.00
SPARE AND CONSUMABLE,BUILDING MATERIAL,COBMR&M,R&M BUILDING,KG,0.00,0.00,0.00,0.00,0.00,0.00,0.00,0.00
SPARE AND CONSUMABLE,BUILDING MATERIAL,COBMWHITE WASH,WHITE WASH & PAINTS & BRUSHES,PCS,0.00,0.00,0.00,0.00,0.00,0.00,0.00,0.00
SPARE AND CONSUMABLE,BUILDING MATERIAL,SANITRY ITEMS,SANITRY ITEMS,PCS,0.00,0.00,0.00,0.00,0.00,0.00,0.00,0.00
SPARE AND CONSUMABLE,CHEMICAL,COCHMD M WATER,D M WATER,L,0.00,133500.00,0.00,0.00,0.00,0.00,0.00,133500.00
SPARE AND CONSUMABLE,CHEMICAL,COCHMMERCURY,MERCURY,ML,0.00,1.00,0.00,0.00,0.00,0.00,0.00,1.00
SPARE AND CONSUMABLE,CHEMICAL,COCHMMISC. CHEMICALS,MISC. CHEMICALS,PCS,0.00,0.00,0.00,0.00,0.00,0.00,0.00,0.00
SPARE AND CONSUMABLE,CHEMICAL,COCHMPHENOPHTHELENE,PHENOPHTHELENE  SOLU. 8.3- 10,ML,0.00,10.00,0.00,0.00,0.00,0.00,0.00,10.00
SPARE AND CONSUMABLE,CHEMICAL,COCHMSULPHURIC ACID,SULPHURIC ACID,ML,0.00,5.00,0.00,0.00,0.00,0.00,0.00,5.00
SPARE AND CONSUMABLE,CHEMICAL,COCHMWAX,WAX PARAFIN,KG,0.00,62.00,0.00,0.00,0.00,0.00,0.00,62.00
SPARE AND CONSUMABLE,DIE and DIE MATERIAL,CODMDIES WIRE DRAWING PCD,DIES WIRE DRAWING PCD,PCS,0.00,0.00,0.00,0.00,0.00,0.00,0.00,0.00
SPARE AND CONSUMABLE,ELECTRICAL,COELBULBS,BULBS ALL TYPES,PCS,0.00,0.00,0.00,0.00,0.00,0.00,0.00,0.00
SPARE AND CONSUMABLE,ELECTRICAL,COELCONTACTORS & TIMERS & RELAYS,CONTACTORS & TIMERS & RELAYS,PCS,0.00,0.00,0.00,0.00,0.00,0.00,0.00,0.00
SPARE AND CONSUMABLE,ELECTRICAL,COELELECTRICAL-MISC,ELECTRICAL-MISC,PCS,0.00,0.00,0.00,0.00,0.00,0.00,0.00,0.00
SPARE AND CONSUMABLE,ELECTRICAL,COELMOTORS & PUMPS,MOTORS & PUMPS & STARTERS,PCS,0.00,0.00,0.00,0.00,0.00,0.00,0.00,0.00
SPARE AND CONSUMABLE,ELECTRICAL,COELPRESS GAUGE/RPM METER/VALVES,PRESSURE GAUGE / RPM METER / VALVES ( ALL TYPES ),PCS,0.00,0.00,0.00,0.00,0.00,0.00,0.00,0.00
SPARE AND CONSUMABLE,FELT and PAD,COFP410X40X8,FELT 410X40X8 MM DENSITY 0.20 GM/CM3,KG,0.00,21.80,0.00,0.00,0.00,0.00,0.00,21.80
SPARE AND CONSUMABLE,FELT and PAD,COFP50X30X8,FELT 50X30X8 DENSITY 0.28GM/CM3,KG,0.00,4.60,0.00,0.00,0.00,0.00,0.00,4.60
SPARE AND CONSUMABLE,HOUSE KEEPING MATERIAL,COHKBRUSH,BRUSH,PCS,0.00,0.00,0.00,0.00,0.00,0.00,0.00,0.00
SPARE AND CONSUMABLE,HOUSE KEEPING MATERIAL,COHKMISC,MISC. HKM,PCS,0.00,0.00,0.00,0.00,0.00,0.00,0.00,0.00
SPARE AND CONSUMABLE,HOUSE KEEPING MATERIAL,HOUSE KEEPING MACHINE SPARE PARTS,HOUSE KEEPING MACHINE SPARE PARTS,PCS,0.00,0.00,0.00,0.00,0.00,0.00,0.00,0.00
SPARE AND CONSUMABLE,INSULATING MATERIAL,COIMCERAMIC EYELET,CERAMIC EYELET,PCS,0.00,0.00,0.00,0.00,0.00,0.00,0.00,0.00
SPARE AND CONSUMABLE,MISC.,AMC,AMC,PC,0.00,0.00,0.00,0.00,0.00,0.00,0.00,0.00
SPARE AND CONSUMABLE,MISC.,CENTRIFUGAL OIL CLEANING ASSEMBLY,CENTRIFUGAL OIL CLEANING ASSEMBLY,PCS,0.00,0.00,0.00,0.00,0.00,0.00,0.00,0.00
SPARE AND CONSUMABLE,MISC.,COMCDHOTI,OLD DHOTI,PCS,0.00,2500.00,0.00,0.00,0.00,0.00,0.00,2500.00
SPARE AND CONSUMABLE,MISC.,COMCELFY,"ELFY , EPOXY, ARALDITE ETC.",PCS,0.00,0.00,0.00,0.00,0.00,0.00,0.00,0.00
SPARE AND CONSUMABLE,MISC.,TR10 INDUSTRIAL RTO ASSEMBLY,TR10 INDUSTRIAL RTO ASSEMBLY,PCS,1.00,0.00,0.00,0.00,0.00,0.00,0.00,1.00
SPARE AND CONSUMABLE,MISC.,computer parts,COMPUTER PARTS,PCS,0.00,1.00,0.00,0.00,0.00,0.00,0.00,1.00
SPARE AND CONSUMABLE,OIL SEAL and RINGS,COOR30X47X7X10,OIL SEAL  30X47X7X10,PCS,0.00,10.00,0.00,0.00,0.00,0.00,0.00,10.00
SPARE AND CONSUMABLE,OIL SEAL and RINGS,COOR32X52X7X10,OIL SEAL  32X52X7X10,PCS,0.00,10.00,0.00,0.00,0.00,0.00,0.00,10.00
SPARE AND CONSUMABLE,OIL SEAL and RINGS,COOR35X52X6/7,OIL SEAL  35X52X6/7 ( MAG ),PCS,0.00,0.00,0.00,0.00,0.00,0.00,0.00,0.00
SPARE AND CONSUMABLE,OIL SEAL and RINGS,COOR50X72X7-8,OIL SEAL  50X72X7-8 ( MAG ),PCS,0.00,10.00,0.00,0.00,0.00,0.00,0.00,10.00
SPARE AND CONSUMABLE,OIL SEAL and RINGS,COORMISC. OIL SEALS,MISC. OIL SEALS,PCS,0.00,0.00,0.00,0.00,0.00,0.00,0.00,0.00
SPARE AND CONSUMABLE,OIL SEAL and RINGS,OIL SEAL  18X32X8,OIL SEAL  18X32X8,PCS,0.00,0.00,0.00,0.00,0.00,0.00,0.00,0.00
SPARE AND CONSUMABLE,OIL SEAL and RINGS,OIL SEAL  25X45X7,OIL SEAL  25X45X7,PCS,0.00,0.00,0.00,0.00,0.00,0.00,0.00,0.00
SPARE AND CONSUMABLE,OIL SEAL and RINGS,OIL SEAL  40X50X6,OIL SEAL  40X50X6,PCS,0.00,0.00,0.00,0.00,0.00,0.00,0.00,0.00
SPARE AND CONSUMABLE,OIL SEAL and RINGS,OIL SEAL  40X72X7,OIL SEAL  40X72X7,PCS,0.00,8.00,0.00,0.00,0.00,0.00,0.00,8.00
SPARE AND CONSUMABLE,OIL SEAL and RINGS,OIL SEAL  60X90X8,OIL SEAL  60X90X8,PCS,0.00,8.00,0.00,0.00,0.00,0.00,0.00,8.00
SPARE AND CONSUMABLE,OIL and LUBRICANT,COOLGREASES,"GREASES ( AP3, SAPHIRE2, PEERLESS LLG )",KG,0.00,0.00,0.00,0.00,0.00,0.00,0.00,0.00
SPARE AND CONSUMABLE,OIL and LUBRICANT,COOLLUB. OIL,LUB. OIL ( GRADE 40 ),L,0.00,210.00,0.00,0.00,0.00,0.00,0.00,210.00
SPARE AND CONSUMABLE,OIL and LUBRICANT,FLK 332A,FLK 332A,KG,720.00,0.00,14.00,0.00,0.00,0.00,0.00,706.00
SPARE AND CONSUMABLE,PIPE FITTING,COPPFMS PIPE FITTINGS,MS PIPE FITTINGS,PCS,0.00,0.00,0.00,0.00,0.00,0.00,0.00,0.00
SPARE AND CONSUMABLE,PIPE FITTING,COPPFPVC,"PVC, UPVC,PPR PIPES",M,0.00,0.00,0.00,0.00,0.00,0.00,0.00,0.00
SPARE AND CONSUMABLE,PIPE FITTING,PIPE & PIPE FITTINGS,PIPE & PIPE FITTINGS,PCS,0.00,0.00,0.00,0.00,0.00,0.00,0.00,0.00
SPARE AND CONSUMABLE,POWER and FUEL,COPFHSD,HIGH SPEED DIESAL ( HSD ),L,0.00,12000.00,0.00,0.00,0.00,0.00,0.00,12000.00
SPARE AND CONSUMABLE,PRINTING and STATIONERY,COPSMISC. STATIONERY ITEMS,MISC. STATIONERY ITEMS,PCS,0.00,0.00,0.00,0.00,0.00,0.00,0.00,0.00
SPARE AND CONSUMABLE,PRINTING and STATIONERY,COPSPRINTING ITEMS,PRINTING ITEMS,PCS,0.00,0.00,0.00,0.00,0.00,0.00,0.00,0.00
SPARE AND CONSUMABLE,PRINTING and STATIONERY,COPSWRITING BOARDS,WRITING BOARDS,PCS,0.00,0.00,0.00,0.00,0.00,0.00,0.00,0.00
SPARE AND CONSUMABLE,SPARE PARTS,COMPRESSOR SPARE PARTS,COMPRESSOR SPARE PARTS,PCS,0.00,0.00,0.00,0.00,0.00,0.00,0.00,0.00
SPARE AND CONSUMABLE,SPARE PARTS,COMSPMAG-MISC.,MAG-MISC. SPARE PARTS,PCS,0.00,0.00,0.00,0.00,0.00,0.00,0.00,0.00
SPARE AND CONSUMABLE,SPARE PARTS,DRIVE,DRIVE,PCS,0.00,0.00,0.00,0.00,0.00,0.00,0.00,0.00
SPARE AND CONSUMABLE,SPARE PARTS,MICROCLEAN CARTRIDGE FILTER 10,MICROCLEAN CARTRIDGE FILTER 10,PCS,0.00,50.00,0.00,0.00,0.00,0.00,0.00,50.00
SPARE AND CONSUMABLE,SPARE PARTS,catalyst cubes,CATALYST CUBES,PCS,720.00,0.00,720.00,0.00,0.00,0.00,0.00,0.00
SPARE AND CONSUMABLE,THINNER,COTHBASE COAT THINNER,BASE COAT THINNER,KG,85.00,360.00,0.00,0.00,0.00,0.00,0.00,445.00
SPARE AND CONSUMABLE,THINNER,COTHCLEANING THINNER,CLEANING THINNER,KG,710.00,0.00,0.00,0.00,0.00,0.00,0.00,710.00
SPARE AND CONSUMABLE,THINNER,COTHLUBECKAN W-25,LUBECKAN W-25,L,600.00,720.00,39.00,0.00,0.00,0.00,0.00,1281.00
SPARE AND CONSUMABLE,THINNER,COTHREDUCER,"REDUCER ( MTO, BENZENE )",L,2215.00,2520.00,0.00,0.00,0.00,0.00,0.00,4735.00
SPARE AND CONSUMABLE,THINNER,COTHTOP COAT THINNER,TOP COAT THINNER,KG,0.00,360.00,0.00,0.00,0.00,0.00,0.00,360.00
SPARE AND CONSUMABLE,TOOLS and EQUIPMENTS,COTEHAND TOOLS,"HAND TOOLS ( DRILL , TAP , DIE , TOOL BIT , FILE ETC. )",PCS,0.00,0.00,0.00,0.00,0.00,0.00,0.00,0.00
SPARE AND CONSUMABLE,TOOLS and EQUIPMENTS,COTEMICROMETER,MICROMETER,PCS,0.00,0.00,0.00,0.00,0.00,0.00,0.00,0.00
SPARE AND CONSUMABLE,TOOLS and EQUIPMENTS,COTETHERMOMETER,THERMOMETER,PCS,0.00,0.00,0.00,0.00,0.00,0.00,0.00,0.00
SPARE AND CONSUMABLE,TOOLS and EQUIPMENTS,Weighing Scale,WEIGHING SCALE,PCS,0.00,3.00,0.00,0.00,0.00,0.00,0.00,3.00
SPARE AND CONSUMABLE,WELDING MATERIAL,COWMWELDING ROD,WELDING ROD,PCS,0.00,4.00,0.00,0.00,0.00,0.00,0.00,4.00
SPARE AND CONSUMABLE,WIRE DRAWING COOLANT,COWDCCOOLANT AL FWD,COOLANT FOR ALUMINIUM FWD,L,2100.00,0.00,0.00,0.00,0.00,0.00,0.00,2100.00
SPARE AND CONSUMABLE,WIRE DRAWING COOLANT,COWDCCOOLANT COP FWD,COOLANT FOR COPPER FWD,L,120.00,615.00,0.00,0.00,0.00,0.00,0.00,735.00
SPARE AND CONSUMABLE,WIRE DRAWING COOLANT,COWDCCOOLANT COP RBD,COOLANT FOR COPPER RBD,L,10.00,1640.00,0.00,0.00,0.00,0.00,0.00,1650.00
SPARE AND CONSUMABLE,CONSUMABLES,LOCKERS,LOCKERS,PCS,0.00,0.00,0.00,0.00,0.00,0.00,0.00,0.00
SPARE AND CONSUMABLE,IRON PATTI,PMMSIRON PATTI,"IRON PATTI-1/2"" & NAILS",KG,0.00,101.10,0.00,0.00,0.00,0.00,0.00,101.10
SPARE AND CONSUMABLE,STAFF WELFARE,TEA & COFFEE,TEA & COFFEE,KG,0.00,64.00,0.00,0.00,0.00,0.00,0.00,64.00
SHOP FLOOR,H CLASS,RMENH 543-38,TEREBEC MT 543-38,KG,625.00,0.00,0.00,0.00,0.00,0.00,0.00,625.00
SHOP FLOOR,H CLASS,RMENH535,FEI 0535,KG,305.00,0.00,0.00,0.00,0.00,0.00,0.00,305.00
SHOP FLOOR,H CLASS,RMENH540,FEI 0540,KG,260.00,0.00,0.00,0.00,0.00,0.00,0.00,260.00
SHOP FLOOR,POLYESTER,RMENPO227-35,227-35,KG,305.00,0.00,0.00,0.00,0.00,0.00,0.00,305.00
SHOP FLOOR,POLYESTER,RMENPOM/M,MILESTER M/M,KG,75.00,0.00,0.00,0.00,0.00,0.00,0.00,75.00
SHOP FLOOR,SELF SOLDRABLE,RMENSESODFPH 240,FPH 240,KG,250.00,0.00,0.00,0.00,0.00,0.00,0.00,250.00
SHOP FLOOR,SELF SOLDRABLE,RMENSESODFPU A1 40,FPU A1 40,KG,345.00,0.00,0.00,0.00,0.00,0.00,0.00,345.00
SHOP FLOOR,SELF SOLDRABLE,RMENSESODFPU A1 50,FPU A1 50,KG,0.00,0.00,0.00,0.00,0.00,0.00,0.00,0.00
SHOP FLOOR,SELF SOLDRABLE,RMENSs 1355-35,RMENSS 1355-35,KG,70.00,0.00,0.00,0.00,0.00,0.00,0.00,70.00
SHOP FLOOR,TOP COAT,RMENTCNH AI 1013,AI-BV1013,KG,560.00,0.00,0.00,0.00,0.00,0.00,0.00,560.00
SHOP FLOOR,TOP COAT,RMENTCNH AI 20PA,NH AI 20PA,KG,275.00,0.00,0.00,0.00,0.00,0.00,0.00,275.00
SHOP FLOOR,TOP COAT,RMENTCNH AI 27 P,NH AI 27 P,KG,80.00,0.00,0.00,0.00,0.00,0.00,0.00,80.00
SHOP FLOOR,TOP COAT,RMENTCNH AI 27 S,NH AI 27 S,KG,255.00,0.00,0.00,0.00,0.00,0.00,0.00,255.00
SHOP FLOOR,TOP COAT,RMENTCNH AI 30 MLK,NH AI 30 MLK,KG,295.00,0.00,0.00,0.00,0.00,0.00,0.00,295.00
SHOP FLOOR,ENAMEL,VAR-910 NYLON,VAR-910 NYLON,KG,80.00,0.00,0.00,0.00,0.00,0.00,0.00,80.00
SHOP FLOOR,ENAMEL,VAR-HIGH SPEED,VAR-HIGH SPEED,KG,271.00,0.00,0.00,0.00,0.00,0.00,0.00,271.00
SHOP FLOOR,JWRMEN,JWEN,J/W WIRE ENAMEL,KG,404.00,0.00,0.00,0.00,0.00,0.00,0.00,404.00
RAW MATERIAL - CU - CENTRAL,COPPER WIRE / ROD,RMCOCO WIRE / ROD,COPPER WIRE / ROD,KG,0.00,104471.00,0.00,0.00,0.00,0.00,0.00,104471.00
RAW MATERIAL - CU - CENTRAL,RAW MATERIAL,COPPER WIRE / ROD (CENTRAL),COPPER WIRE / ROD (CENTRAL),KG,0.00,141654.00,0.00,0.00,0.00,0.00,0.00,141654.00
RAW MATERIAL - CU - JW - INEL,CU (FG),CU0.9DCMEDPT-45,CU0.9DCMEDPT-45,KG,0.00,3951.43,3951.43,0.00,0.00,0.00,0.00,0.00
RAW MATERIAL - CU - JW - MANDEEP,CU (FG),CU1.00 BARE WIRE(JW),CU1.00 BARE WIRE (JW),KG,0.00,6017.00,6017.00,0.00,0.00,0.00,0.00,0.00
FINISHED GOODS - CWW - JW - ORIENT,PROV,CU35MPMEDPT-10,CU35MPMEDPT-10,KG,0.00,22821.77,22821.77,0.00,0.00,0.00,0.00,0.00
FINISHED GOODS - CWW - JW - ORIENT,PROV,CU36MPMEDPT-10,CU36MPMEDPT-10,KG,0.00,40660.59,40660.59,0.00,0.00,0.00,0.00,0.00
FINISHED GOODS - CWW - JW - ORIENT,CU (FG),CU35.5FCMEDPT-10,CU35.5FCMEDPT-10,KG,0.00,1092.88,1092.88,0.00,0.00,0.00,0.00,0.00
FINISHED GOODS - CWW - JW - ORIENT,CU (FG),CU35.5MPMEDPT-10,CU35.5MPMEDPT-10,KG,0.00,27257.80,27257.80,0.00,0.00,0.00,0.00,0.00
FINISHED GOODS - CWW - JW - INEL,CU (FG),CU0.9DCMEDPT-45,CU0.9DCMEDPT-45,KG,0.00,27817.50,26794.30,0.00,0.00,0.00,0.00,1023.20
FINISHED GOODS - CW - JW - AMELCO,Weekly WWMA PLUS 1,CU13BARE WIRE,CU13BARE WIRE,KG,0.00,35593.00,35593.00,0.00,0.00,0.00,0.00,0.00
FINISHED GOODS - CW - JW - AMELCO,CU (FG),COPPER WIRE (jOB WORK),COPPER WIRE (jOB WORK),KG,0.00,8906.00,8906.00,0.00,0.00,0.00,0.00,0.00
FINISHED GOODS - CW - JW - AMELCO,CU (FG),CU1.00 BARE WIRE(JW),CU1.00 BARE WIRE (JW),KG,0.00,14985.00,14985.00,0.00,0.00,0.00,0.00,0.00
FINISHED GOODS - CW - JW - MANDEEP,CU (FG),CU1.00 BARE WIRE(JW),CU1.00 BARE WIRE (JW),KG,0.00,68748.00,68748.00,0.00,0.00,0.00,0.00,0.00
FINISHED GOODS - CW - JW - NOIDA ELEC. UNIT II,CU (FG),CU1.00 BARE WIRE(JW),CU1.00 BARE WIRE (JW),KG,0.00,14767.00,14767.00,0.00,0.00,0.00,0.00,0.00
FG - SCRAP - CWW - JW - ORIENT,CU (FG),COPPER SCRAP,COPPER SCRAP,KG,0.00,3128.00,3128.00,0.00,0.00,0.00,0.00,0.00
FG - SCRAP - CWW - JW - INEL,CU (FG),COPPER SCRAP,COPPER SCRAP,KG,0.00,485.00,625.00,0.00,0.00,0.00,0.00,-140.00
FG - SCRAP - AL,AL (FG),ALUMINIUM SCRAP ,ALUMINIUM SCRAP,KG,488.00,2507.00,2961.00,0.00,0.00,0.00,0.00,34.00
FG - SCRAP - CCA,AL (FG),CCA SCRAP,CCA SCRAP,KG,156.00,0.00,0.00,0.00,0.00,0.00,0.00,156.00
FG - SCRAP - CU,CU (FG),COPPER SCRAP,COPPER SCRAP,KG,0.00,10766.00,10433.00,0.00,0.00,0.00,0.00,333.00
FG - SCRAP - CU,SCRAP,SCRAP,SCRAP,KG,0.00,453.00,0.00,0.00,0.00,0.00,0.00,453.00
SCRAP - OTHERS,SCRAP,NAYARI MITTI,NAYARI MITTI,KG,5000.00,0.00,1018.00,0.00,0.00,0.00,0.00,3982.00
SCRAP - OTHERS,SCRAP,SCRAP - EMPTY DRUMS,SCRAP - EMPTY DRUMS,PCS,1.00,3142.00,612.00,0.00,0.00,0.00,0.00,2531.00
SCRAP - OTHERS,SCRAP,SCRAP - WOODEN,SCRAP - WOODEN,KG,1.00,21000.00,7057.00,0.00,0.00,0.00,0.00,13944.00
SCRAP - OTHERS,SCRAP,SCRAP-OLD PLASTIC SPOOL,SCRAP-OLD PLASTIC SPOOL,KG,1.00,15212.00,9003.00,0.00,0.00,0.00,0.00,6210.00
FINISHED GOODS - CW,Weekly WWMA PLUS 1,CU13BARE WIRE,CU13BARE WIRE,KG,0.00,1204.60,1204.60,0.00,0.00,0.00,0.00,0.00
FINISHED GOODS - CW,CU (FG),CU0.15BAREPT-25,CU0.15BAREPT-25,KG,0.00,3614.30,3614.30,0.00,0.00,0.00,0.00,0.00
FINISHED GOODS - CW,CU (FG),CU1.40 BARE WIRE ,CU1.40 BARE WIRE,KG,0.00,161.00,161.00,0.00,0.00,0.00,0.00,0.00
FINISHED GOODS - CW,CU (FG),copper wire,COPPER WIRE,KG,0.00,4299.00,4299.00,0.00,0.00,0.00,0.00,0.00
FINISHED GOODS - AW,ALUMINIUM WIRE / ROD,RMALAL WIRE / ROD,ALUMINIUM WIRE / ROD,KG,0.00,415.30,415.30,0.00,0.00,0.00,0.00,0.00
FINISHED GOODS - CWW - JW - REWORK,PROV,CU32MPMEDPT-10,CU32MPMEDPT-10,KG,0.00,11.95,11.95,0.00,0.00,0.00,0.00,0.00
FINISHED GOODS - CWW - JW - REWORK,PROV,CU35MPMEDPT-10,CU35MPMEDPT-10,KG,0.00,248.14,248.14,0.00,0.00,0.00,0.00,0.00
FINISHED GOODS - CWW - JW - REWORK,PROV,CU36MPMEDPT-10,CU36MPMEDPT-10,KG,0.00,300.44,300.44,0.00,0.00,0.00,0.00,0.00
FINISHED GOODS - CWW - JW - REWORK,CU (FG),CU35.5MPMEDPT-10,CU35.5MPMEDPT-10,KG,0.00,294.81,294.81,0.00,0.00,0.00,0.00,0.00
